mdl_no,order_id,subject_id,reached,express,party_direction,court_resolution,pin_cite,quote,coding_note,coder,date_coded,pass
3162,3162-order1,b2a_leadership,TRUE,TRUE,TRUE,FALSE,¶ 5(a),"whether leadership counsel (for plaintiffs or defendants) should be appointed and, if so:","Report agenda item. Bates broadens the Rule's chapeau by specifying 'for plaintiffs or defendants'; Rule 16.1(b)(2)(A) says only 'leadership counsel.' No appointment is made and the court does not determine whether to appoint. ¶ 9 concerns Rule 23 class certification and class counsel, which is a different appointment power, so it is not coded as resolution of this subject.",ZL,2026-08-12,1
3162,3162-order1,b2a_timing,TRUE,TRUE,TRUE,FALSE,¶ 5(a)(i),the timing of the appointments;,Verbatim reproduction of Rule 16.1(b)(2)(A)(i).,ZL,2026-08-12,1
3162,3162-order1,b2a_structure,TRUE,TRUE,TRUE,FALSE,¶ 5(a)(ii),the structure of leadership counsel;,Verbatim reproduction of Rule 16.1(b)(2)(A)(ii).,ZL,2026-08-12,1
3162,3162-order1,b2a_selection_procedure,TRUE,TRUE,TRUE,FALSE,¶ 5(a)(iii),the procedure for selecting leadership and whether the appointments should be reviewed periodically;,"Rule clause (b)(2)(A)(iii) reproduced whole. This project splits that clause into selection and periodic review; both are coded from the same sentence. No selection criteria, application format, or deadline is prescribed, so nothing is fixed.",ZL,2026-08-12,1
3162,3162-order1,b2a_periodic_review,TRUE,TRUE,TRUE,FALSE,¶ 5(a)(iii),the procedure for selecting leadership and whether the appointments should be reviewed periodically;,"Second half of the (b)(2)(A)(iii) clause, reproduced verbatim. Coded from the same sentence as b2a_selection_procedure.",ZL,2026-08-12,1
3162,3162-order1,b2a_responsibilities,TRUE,TRUE,TRUE,FALSE,¶ 5(a)(iv),their responsibilities and authority in conducting pretrial activities and any role in facilitating resolution of the MDL proceedings;,Verbatim reproduction of Rule 16.1(b)(2)(A)(iv).,ZL,2026-08-12,1
3162,3162-order1,b2a_communication,TRUE,TRUE,TRUE,FALSE,¶ 5(a)(v),the proposed methods for regularly communicating with and reporting to the court and nonleadership counsel;,Verbatim reproduction of Rule 16.1(b)(2)(A)(v).,ZL,2026-08-12,1
3162,3162-order1,b2a_nonleadership_limits,TRUE,TRUE,TRUE,FALSE,¶ 5(a)(vi),any limits on activity by nonleadership counsel; and,Verbatim reproduction of Rule 16.1(b)(2)(A)(vi).,ZL,2026-08-12,1
3162,3162-order1,b2a_compensation,TRUE,TRUE,TRUE,FALSE,¶ 5(a)(vii),whether and when to establish a means for compensating plaintiffs’ leadership counsel;,Narrower than the Rule. Rule 16.1(b)(2)(A)(vii) says 'leadership counsel'; Bates limits the compensation item to plaintiffs' leadership counsel while broadening the chapeau at ¶ 5(a) to both sides. The order therefore departs from the Rule text in opposite directions within a single subsection.,ZL,2026-08-12,1
3162,3162-order1,b2b_vacate_modify,TRUE,TRUE,TRUE,TRUE,¶ 5(b); ¶ 13,"any previously entered scheduling or other orders that should be vacated or modified; … Unless modified by this Court, any orders, including protective orders, previously entered by any transferor district court shall remain in full force and effect.","Both attributes fire, from different paragraphs. The first quoted passage is the report direction (¶ 5(b)); the second is the operative determination (¶ 13). Resolution by continuation, matching codebook test case 3: transferor-court orders stay in force unless modified by the Court, so the report alone cannot displace them. ¶ 14 administratively terminates motions pending on member dockets, which concerns motions rather than orders and is not the basis for this coding.",ZL,2026-08-12,1
3162,3162-order1,b2c_conference_schedule,TRUE,TRUE,TRUE,FALSE,¶ 5(c),a schedule for additional management conferences with the court;,"¶ 2 sets the Initial Management Conference for March 27, 2026, but that is the Rule 16.1(a) conference, not the 'additional' conferences (b)(2)(C) addresses. ¶ 6 sets an April 24, 2026 deadline for a proposed initial management order, which is a filing deadline rather than a conference. No additional conference is scheduled, so no resolution.",ZL,2026-08-12,1
3162,3162-order1,b2d_direct_filing,TRUE,TRUE,TRUE,TRUE,¶ 5(d); ¶ 1; ¶ 18,"any views on managing the direct filing of new actions in the MDL proceedings, in light of Section 1 supra; … Any “tag-along actions” filed in, removed to, or transferred to this Court shall be automatically consolidated with this action without the necessity of future motions or orders.","Both attributes fire. ¶ 1 fixes the operative rule for newly filed, removed, and transferred actions, and ¶ 5(d) expressly subordinates the parties' views to it ('in light of Section 1 supra'). Objection runs by motion within ten days or at the Initial Management Conference, not through the report. ¶ 18 adds a defendant notice duty for cases filed in this district. What remains open is the parties' proposal for managing direct filing going forward.",ZL,2026-08-12,1
3162,3162-order1,b2e_related_actions,TRUE,TRUE,TRUE,FALSE,¶ 5(e),"whether related actions have been—or are expected to be—filed in other courts, and whether to adopt methods for coordinating with them;","No coordination mechanism with any other court is established. ¶¶ 1 and 18 concern actions filed in, removed to, or transferred to this Court and are coded at b2d_direct_filing.",ZL,2026-08-12,1
3162,3162-order1,b3a_consolidated_pleadings,TRUE,TRUE,TRUE,FALSE,¶ 5(f),whether consolidated pleadings should be prepared;,"¶ 11 stays defendants' obligation to answer or otherwise respond pending the Initial Management Conference. That fixes responsive-pleading timing but does not determine whether consolidated pleadings will be prepared, which is the subject here, so no resolution is coded.",ZL,2026-08-12,1
3162,3162-order1,b3b_factual_basis_exchange,TRUE,TRUE,TRUE,TRUE,¶ 5(g); ¶ 12,"how and when the parties will exchange information about the factual bases for their claims and defenses, including whether the parties should stipulate to dispense with the initial disclosures required by Rule 26(a)(1) of the Federal Rules of Civil Procedure … the time requirements to perform any acts or file any papers pursuant to Rules 26 through 37 of the Federal Rules of Civil Procedure are tolled until such time as a discovery schedule is established by order of the Court.","Partial resolution. ¶ 5(g) expressly ties this subject to Rule 26(a)(1), and ¶ 12 tolls the timing of Rules 26 through 37, so initial disclosures cannot come due until the Court sets a discovery schedule; the report alone cannot restart that clock. How the parties will exchange factual-basis information, and whether to stipulate out of initial disclosures, remain open. APPLICATION RULE used throughout pass 1: a general discovery stay is coded as resolution of a subject other than b3c_discovery only where the order's own text ties that subject to the stayed machinery, as ¶ 5(g) does here.",ZL,2026-08-12,1
3162,3162-order1,b3c_discovery,TRUE,TRUE,TRUE,TRUE,¶ 5(h)(i)-(iv); ¶ 12,"discovery procedures and timing, including: i. whether discovery should be managed in phases, and if so, a specific proposal for such management; … iv. any difficult discovery-related issues that may arise. … All discovery proceedings in these actions are stayed until further order of the Court, and the time requirements to perform any acts or file any papers pursuant to Rules 26 through 37 of the Federal Rules of Civil Procedure are tolled until such time as a discovery schedule is established by order of the Court.","Both attributes, from different paragraphs, matching codebook test case 2. ¶ 5(h) expands the Rule's single clause into four sub-items and retains the Rule's 'difficult' discovery-issues language at (iv). ¶ 12 fixes that no discovery proceeds until further order, which the report alone cannot change.",ZL,2026-08-12,1
3162,3162-order1,b3d_pretrial_motions,TRUE,TRUE,TRUE,TRUE,¶ 5(i); ¶ 9; ¶ 11,"any likely pretrial motions; and, if so, dates for filing such motions and/or cross-motions, oppositions, and replies; … The requirements of Local Civil Rule 23.1(b) are waived. Any motion(s) for class certification or appointment of class counsel shall be filed pursuant to further order of the Court. … Defendants’ obligations to answer or otherwise respond to the initial complaints filed in these actions shall remain stayed pending the Initial Management Conference and further order of the Court.","Partial resolution under pass 1 application rule R2: a provision fixing when a pretrial motion, including a Rule 12 response to a complaint, may be filed, must be renoticed, or is due is an operative determination within this subject. Two such provisions here. ¶ 9 waives the D.D.C. Local Civil Rule 23.1(b) ninety-day class certification deadline and conditions any class certification or class counsel motion on further order of the Court. ¶ 11 stays the time to 'answer or otherwise respond,' which covers Rule 12 motions. Neither is alterable through the report. The general briefing schedule contemplated by ¶ 5(i) remains open. ¶ 10 (no hearings absent order) and ¶ 14 (administrative termination of motions pending on member dockets) govern motion mechanics and already-filed motions and are not the basis for this coding.",ZL,2026-08-12,1
3162,3162-order1,b3e_settlement_facilitation,TRUE,TRUE,TRUE,FALSE,¶ 5(j),whether the court should consider any measures to facilitate resolving some or all actions before the court;,"Verbatim reproduction of Rule 16.1(b)(3)(E). No settlement mechanism, mediator, or referral is established. ¶ 5(a)(iv) also refers to a leadership role in facilitating resolution; that language is coded at b2a_responsibilities.",ZL,2026-08-12,1
3162,3162-order1,b3f_magistrate_master,TRUE,TRUE,TRUE,FALSE,¶ 5(k),whether any matters should be referred to a magistrate judge or a master;,Verbatim reproduction of Rule 16.1(b)(3)(F). No referral is made.,ZL,2026-08-12,1
3162,3162-order1,b3g_principal_issues,TRUE,TRUE,TRUE,FALSE,¶ 5(l),the principal factual and legal issues likely to be presented;,Verbatim reproduction of Rule 16.1(b)(3)(G).,ZL,2026-08-12,1
3163,3163-order1,b2a_leadership,TRUE,TRUE,FALSE,FALSE,Part IV.B.3,Organization of counsel: This topic includes discussion of the process for selecting plaintiffs’ lead counsel; the responsibilities of lead counsel; the establishment of a plaintiffs’ steering committee; the allocation of tasks and responsibilities for non-lead counsel; and the selection of liaison counsel.,"IDENTIFIED. A single agenda topic that names five distinct leadership subjects, but stated as something the Court anticipates discussing rather than something the parties must address. Compare MDL 3166 and 3171, where the same subject carries an application process, deadlines, and a commitment to appoint.",ZL,2026-08-12,1
3163,3163-order1,b2a_timing,FALSE,FALSE,FALSE,FALSE,,,"Not raised. Part IV.B.3's reference to 'when it comes to appointing lead and liaison counsel' concerns the effect of the related MDL 3094 and state court litigation on the choice of counsel, not the timing of the appointments. Part IV.B.4's 'when the Court should establish a common benefit fund' is compensation timing and is coded at b2a_compensation.",ZL,2026-08-12,1
3163,3163-order1,b2a_structure,TRUE,TRUE,FALSE,FALSE,Part IV.B.3,the establishment of a plaintiffs’ steering committee; … and the selection of liaison counsel.,IDENTIFIED. Both a committee and a liaison role are named as structural options for discussion. Nothing is fixed.,ZL,2026-08-12,1
3163,3163-order1,b2a_selection_procedure,TRUE,TRUE,FALSE,FALSE,Part IV.B.3,This topic includes discussion of the process for selecting plaintiffs’ lead counsel;,"IDENTIFIED. The order names the selection process as a topic but prescribes no criteria, format, or deadline, which is the sharpest available contrast with codebook test case 1 (Staton, MDL 3181) and with MDL 3166 and 3171, where the entire application procedure is fixed in the order itself.",ZL,2026-08-12,1
3163,3163-order1,b2a_periodic_review,FALSE,FALSE,FALSE,FALSE,,,"Not raised. Part IV.B.5 concerns periodic status conferences, not periodic review of leadership appointments.",ZL,2026-08-12,1
3163,3163-order1,b2a_responsibilities,TRUE,TRUE,FALSE,FALSE,Part IV.B.3,the responsibilities of lead counsel;,IDENTIFIED. 'Responsibilities' without the Rule's paired 'and authority.',ZL,2026-08-12,1
3163,3163-order1,b2a_communication,FALSE,FALSE,FALSE,FALSE,,,"Not raised. Two adjacent provisions considered and rejected under application rule R3, which requires the provision's operative language to be about the coded subject rather than merely an instance of it. Part IV.B.5's contemplated weekly telephone and monthly in-person conferences are a conference cadence binding all counsel, not a method by which leadership reports to the court and to nonleadership counsel; it is coded at b2c_conference_schedule. Part IV.B.3's 'allocation of tasks and responsibilities for non-lead counsel' is coded at b2a_nonleadership_limits.",ZL,2026-08-12,1
3163,3163-order1,b2a_nonleadership_limits,TRUE,TRUE,FALSE,FALSE,Part IV.B.3,the allocation of tasks and responsibilities for non-lead counsel;,"IDENTIFIED, and a notable inversion of the Rule. Rule 16.1(b)(2)(A)(vi) contemplates 'any limits on activity by nonleadership counsel,' a restriction. Marston frames the same relationship as allocation, a distribution of work to non-lead counsel. Same parties, opposite default.",ZL,2026-08-12,1
3163,3163-order1,b2a_compensation,TRUE,TRUE,FALSE,FALSE,Part IV.B.4,Plaintiffs’ counsel expenses: This topic includes consideration of when the Court should establish a common benefit fund and enter a protocol to govern reimbursement of fees and expenses incurred by members of Plaintiffs’ leadership.,"IDENTIFIED, and the closest match to Rule 16.1(b)(2)(A)(vii) located so far, in an order that never cites the Rule. The Rule asks 'whether and when to establish a means for compensating leadership counsel'; this topic asks when to establish a common benefit fund and a reimbursement protocol for leadership fees and expenses. The 'when' framing tracks the Rule exactly.",ZL,2026-08-12,1
3163,3163-order1,b2b_vacate_modify,FALSE,FALSE,FALSE,FALSE,,,"Not raised, and the only order coded so far with no provision continuing or disturbing transferor-court orders. Part II relieves the parties from compliance with filing deadlines 'that would otherwise be applicable at this stage of the litigation,' which is about deadlines rather than about previously entered orders, so it is not coded here under application rule R3.",ZL,2026-08-12,1
3163,3163-order1,b2c_conference_schedule,TRUE,TRUE,FALSE,FALSE,Part IV.B.5,"Status conferences: This topic includes discussion of the frequency and format for periodic conferences and the duties of counsel to meet and confer prior to such conferences. The Court anticipates following a format similar to the one currently in place for MDL No. 3094, i.e., weekly telephone conferences without a set agenda and monthly in person conferences with a set agenda.","IDENTIFIED, and the first express treatment of Rule 16.1(b)(2)(C) in the coded set: MDLs 3162, 3166, and 3171 all set only the initial conference. The court describes a concrete cadence it anticipates following, borrowed from MDL 3094, but 'anticipates' leaves it open, so no resolution.",ZL,2026-08-12,1
3163,3163-order1,b2d_direct_filing,TRUE,TRUE,FALSE,TRUE,Part I; Part IV.B.7,"This Order shall govern all cases … (3) all related cases originally filed in this Court or transferred or removed to this Court. All subsequent orders of this Court with the designation “All Cases” or “All Actions” entered in MDL No. 3163 will likewise apply to all cases that are, or become, part of this MDL, regardless of whether that case was part of MDL No. 3163 when the order was entered. … This topic also includes discussion of the prompt filing of a case management order to govern direct filing and service in this MDL No. 3163.","RESOLVED but not DIRECTED, which the partial order permits. Part I fixes that directly filed cases are governed by this order and automatically by every future All Cases order, without any further motion. That is functionally the same mechanism as the automatic-consolidation clauses in MDLs 3162, 3166, and 3171, and the parties cannot alter it. What remains expressly open is the substantive direct-filing regime, which Part IV.B.7 defers to a later case management order.",ZL,2026-08-12,1
3163,3163-order1,b2e_related_actions,TRUE,TRUE,TRUE,TRUE,Part III; Part IV.B.3; Part IV.B.10,"The parties’ statements should list all pending motions in the cases included in this MDL No. 3163, as well as all related cases pending in state or federal court, together with their current status, including any discovery taken to date, to the extent known. … It also should prompt discussion of the extent to which discovery in this action can be coordinated with ongoing discovery in MDL No. 3094 and/or in various state courts.","Direction and resolution both fire from Part III, which is the mandatory part of this order. Related actions must be listed with status in the position statements, and the court has fixed the channel, the groupings (one statement for all plaintiffs, one for the Novo Nordisk defendants, one for the Eli Lilly defendants), and the deadline. Distinctive coordination posture: the related proceeding here is another MDL before the same judge, MDL 3094, and Part IV.B.2 and IV.B.10 both contemplate coordinating with it.",ZL,2026-08-12,1
3163,3163-order1,b3a_consolidated_pleadings,TRUE,TRUE,FALSE,FALSE,Part IV.B.7,"This topic is intended to prompt discussion of managing new filings (including the potential need for master pleadings) and of setting a schedule for filing, responding to, and presenting motion(s) to dismiss.",IDENTIFIED. 'Master pleadings' is this order's term for the Rule's 'consolidated pleadings.',ZL,2026-08-12,1
3163,3163-order1,b3b_factual_basis_exchange,TRUE,TRUE,FALSE,FALSE,Part IV.B.1; Part IV.B.9,"Initial census: The Court is interested in generating an initial census in this litigation in helping to manage the case from the outset. To that end, this topic will include consideration for the content and timing of the initial census in this litigation. … Desirability, timing, and requirements for Plaintiff Fact Sheets","IDENTIFIED, and the richest mechanism vocabulary in the set. Two named devices for exchanging factual-basis information, a census and plaintiff fact sheets, neither of which appears in Rule 16.1. This is the order behind the census gradient recorded at the order level: MDL 3162 asks only 'whether an initial census or some similar process would be beneficial,' while here the Court states its own interest in generating one. Still an anticipated topic, so no direction and no resolution.",ZL,2026-08-12,1
3163,3163-order1,b3c_discovery,TRUE,TRUE,TRUE,TRUE,Part II; Part III; Part IV.B.10,"Pending the initial conference and further orders of this Court, all outstanding discovery proceedings are stayed, and no further discovery shall be initiated. … including any discovery taken to date, to the extent known.","Direction comes from Part III's requirement to report discovery taken to date, not from the agenda topic. Resolution comes from the Part II stay, which the parties cannot lift through their position statements. Note that the stay itself is not coded as a direction: it tells the parties to refrain rather than to address the subject.",ZL,2026-08-12,1
3163,3163-order1,b3d_pretrial_motions,TRUE,TRUE,TRUE,TRUE,Part II; Part III; Part IV.B.7; Part IV.B.8,"this Order stays the time for Defendants to respond by motion or answer to the complaint(s), and the time for Plaintiffs to respond to any motion currently pending in any case consolidated as part of this MDL No. 3163. … The parties’ statements should list all pending motions in the cases included in this MDL No. 3163 … In general, motion practice will follow the applicable federal and local rules except as otherwise provided by future orders.",Two independent resolutions under application rule R2. Part II stays both defendants' response time and plaintiffs' time to respond to pending motions; Part IV.B.8 fixes an operative default that motion practice follows the federal and local rules unless later changed. Direction comes from Part III's requirement to list pending motions. Part IV.B.7 separately names motions to dismiss as the anticipated pleadings-stage motion.,ZL,2026-08-12,1
3163,3163-order1,b3e_settlement_facilitation,FALSE,FALSE,FALSE,FALSE,,,"Not raised. No settlement, mediation, ADR, or settlement master reference anywhere in the order.",ZL,2026-08-12,1
3163,3163-order1,b3f_magistrate_master,FALSE,FALSE,FALSE,FALSE,,,Not raised. No magistrate judge or master reference anywhere in the order.,ZL,2026-08-12,1
3163,3163-order1,b3g_principal_issues,TRUE,TRUE,TRUE,FALSE,Part III; Part IV.B.6; Part IV.B.10,Plaintiffs and Defendants shall submit to the Court by email to PAED_MDL_GLP1_RA@paed.uscourts.gov a brief written statement indicating their preliminary understanding of the facts involved in the litigation and the critical factual and legal issues.,"Mandatory, unlike most of this order. Part IV.B.6 (grouping cases by medication, manufacturer, or molecule) and Part IV.B.10 (bifurcation of certain issues for early consideration) add a sequencing dimension to the same subject. Procedural note carried forward from the order-level file: these statements are submitted by email and 'should not be filed,' so they will never appear on any docket.",ZL,2026-08-12,1
3166,3166-order1,b2a_leadership,TRUE,TRUE,TRUE,TRUE,¶ 6; ¶ 7; ¶ 8(i),"The Court anticipates appointing a plaintiffs’ lead counsel to coordinate and conduct pretrial activities. The Court requires individual applications for a lead counsel position, and any attorney who has filed an action in this MDL may apply. … The Court will appoint lead counsel as soon as possible thereafter.","Two leadership roles. ¶ 7 commits the court to appointing plaintiffs' lead counsel through a fixed application process, which the parties' statements cannot undo. ¶ 6 separately directs plaintiffs' counsel to select interim liaison counsel. Coded as a leadership role here because the order gives it a leadership title; MDL 3171 renames the functionally identical provision 'point of contact,' where it is not so coded. The divergence is nominal, not functional, and is recorded in both rows so a rebuilder can apply a functional test instead.",ZL,2026-08-12,1
3166,3166-order1,b2a_timing,TRUE,TRUE,TRUE,TRUE,¶ 7,"Applications must be filed in the master docket by January 12, 2026. … Responses or objections must be filed in the master docket by January 19, 2026. Applicants and objectors will have the opportunity to address the Court briefly in person at the initial case management conference. The Court will appoint lead counsel as soon as possible thereafter.","Express by description rather than by the Rule's label. The appointment timetable is fixed and is not open to change through the case management statements. Thirteen days from application to objection deadline, and appointment follows the January 30 conference.",ZL,2026-08-12,1
3166,3166-order1,b2a_structure,TRUE,TRUE,TRUE,FALSE,¶ 7; ¶ 8(i),"Counsel should be prepared to discuss the appropriate organization structure (e.g., steering committee) at the initial case management conference.","Structure beyond a single lead counsel is expressly deferred to the conference, both at ¶ 7 and at ¶ 8(i) ('any further needs for organizational structure'). Deferral is not resolution.",ZL,2026-08-12,1
3166,3166-order1,b2a_selection_procedure,TRUE,TRUE,TRUE,TRUE,¶ 7,"The Court requires individual applications for a lead counsel position, and any attorney who has filed an action in this MDL may apply. … Each attorney’s application must include a resume not exceeding two pages and a letter not exceeding three pages (single-spaced).","Codebook test case 1 pattern: the subject is the procedure and the court fixed it. SEVEN enumerated letter criteria here. MDL 3171 carries the same list but merges 'resources available to prosecute this litigation in a timely manner' and 'ability to maintain reasonable fees and expenses' into a single item vi, and adds a five-page case plan requirement that this order lacks. Template drift within one district, eight weeks apart.",ZL,2026-08-12,1
3166,3166-order1,b2a_periodic_review,FALSE,FALSE,FALSE,FALSE,,,"Not raised, and no incorporation clause sweeps it in. The order commits to appointing lead counsel but says nothing about reviewing the appointment.",ZL,2026-08-12,1
3166,3166-order1,b2a_responsibilities,TRUE,TRUE,TRUE,TRUE,¶ 6; ¶ 8(ii),"the responsibilities and authority of lead counsel in conducting pretrial activities, facilitating resolution of the MDL proceedings, and reporting to the court and non-leadership counsel; … liaison counsel shall be authorized to receive orders and notices from the Court, the Panel, or from the transferee court on behalf of all parties within their liaison group and shall be responsible for the preparation and transmittal of copies of such orders and notices to the parties in their liaison group.","¶ 8(ii) is the closest thing in the dataset to a verbatim rendering of Rule 16.1(b)(2)(A)(iv) and (v) in an order that never cites the Rule. Partial resolution: lead counsel's responsibilities are wholly open, but ¶ 6 fixes the interim liaison role's authority and confines it ('for the purposes of ... only'), which the parties cannot alter through their statements. MDL 3171 ¶ 9(ii) drops the reporting language from this item and MDL 3171 ¶ 7 renames the liaison role, so its counterpart row codes FALSE here.",ZL,2026-08-12,1
3166,3166-order1,b2a_communication,TRUE,TRUE,TRUE,FALSE,¶ 8(ii),"the responsibilities and authority of lead counsel in conducting pretrial activities, facilitating resolution of the MDL proceedings, and reporting to the court and non-leadership counsel;","Express, and the phrase 'reporting to the court and non-leadership counsel' tracks Rule 16.1(b)(2)(A)(v) almost word for word in an order that never cites the Rule. No resolution under pass 1 application rule R3: a provision fires court_resolution only where its operative language is about the coded subject rather than merely an instance of it. ¶ 6's notice-transmittal duty is an instance of communication but the provision is about the liaison role's authority; ¶ 14 requires substantive communication with the Court to be written and e-filed but binds all counsel rather than establishing a leadership reporting method.",ZL,2026-08-12,1
3166,3166-order1,b2a_nonleadership_limits,FALSE,FALSE,FALSE,FALSE,,,"Not raised, and no incorporation clause sweeps it in. 'Non-leadership counsel' appears at ¶ 8(ii) but only as recipients of reporting, not as a category whose activity might be limited. ¶ 11 permits plaintiffs with similar interests to agree on a single attorney to attend the conference, which is a voluntary economy rather than a court-imposed limit.",ZL,2026-08-12,1
3166,3166-order1,b2a_compensation,FALSE,FALSE,FALSE,FALSE,,,"Not raised. Two adjacent provisions considered and rejected. ¶ 6 provides that 'the expenses incurred as liaison counsel shall be shared equally by all members of the liaison group,' which allocates the cost of one narrow administrative role rather than establishing a means of compensating leadership counsel in the (b)(2)(A)(vii) sense; the same reasoning is applied to MDL 3171 ¶ 7. ¶ 7's seventh letter criterion, 'ability to maintain reasonable fees and expenses,' is a selection criterion about fee discipline. Coded FALSE under the codebook instruction to undercount when unsure; the reasoning is recorded here so a rebuilder can flip it.",ZL,2026-08-12,1
3166,3166-order1,b2b_vacate_modify,TRUE,TRUE,TRUE,TRUE,¶ 8(iv); ¶ 10; ¶ 12,"any previously entered scheduling or other orders that should be stayed or vacated; … any orders that the party requests be stayed or vacated, together with the party’s reasoning; … Any orders previously entered by a transferor court — including protective orders and evidence-preservation orders — shall remain in effect until this Court orders otherwise.","The strongest treatment of (b)(2)(B) in the set so far: an agenda item, a mandatory per-case reporting requirement with reasoning, and an operative continuation rule, all in one order that never cites the Rule. Resolution by continuation, codebook test case 3. Textual divergence: 'stayed or vacated' where Rule 16.1(b)(2)(B) says 'vacated or modified.'",ZL,2026-08-12,1
3166,3166-order1,b2c_conference_schedule,FALSE,FALSE,FALSE,FALSE,,,"Not raised, and no incorporation clause sweeps it in. ¶ 8 sets the initial case management conference for January 30, 2026, which is the Rule 16.1(a) conference rather than the 'additional' conferences (b)(2)(C) addresses.",ZL,2026-08-12,1
3166,3166-order1,b2d_direct_filing,TRUE,TRUE,TRUE,TRUE,¶ 1; ¶ 2,"Any tag-along action transferred to this Court or filed in this District will be automatically consolidated with this action without the need for future motions or orders. … To facilitate consolidation, all parties to this MDL must notify the Panel of any related or tag-along action of which they are or become aware.","Operative rather than agenda treatment: direct filing is managed by fixing what happens to actions filed in this District, without appearing as a conference topic. ¶ 1 extends the order to 'all related cases filed in the Northern District of California.' Identical to MDL 3171 ¶¶ 1-2.",ZL,2026-08-12,1
3166,3166-order1,b2e_related_actions,TRUE,TRUE,TRUE,TRUE,¶ 2; ¶ 9; ¶ 10,"The parties should also include a list of all known similar cases pending in federal or state court. … related cases pending in state or federal court, together with their current status;","Partial resolution. Whether to adopt coordination methods is left open, but the court has fixed how the existence and status of related actions will be ascertained: a list in the case management statements and a per-case entry in the member case status reports, both due January 16, 2026, on fixed page limits, plus the mandatory Panel-notification duty at ¶ 2. MDL 3171 ¶ 11 is the elaborated descendant of this provision, escalating it to a defendant-prepared dossier on a parallel state coordinated proceeding.",ZL,2026-08-12,1
3166,3166-order1,b3a_consolidated_pleadings,TRUE,TRUE,TRUE,FALSE,¶ 8(vii),whether consolidated pleadings should be prepared and a schedule for such;,"Rule 16.1(b)(3)(A) plus an added scheduling element. Unlike MDL 3171 ¶ 6, this order contains no extension of defendants' time to respond, so nothing bears on responsive pleadings at all.",ZL,2026-08-12,1
3166,3166-order1,b3b_factual_basis_exchange,TRUE,TRUE,TRUE,FALSE,¶ 8(viii),a plan and schedule for exchange of information about the factual bases for parties’ claims and defenses;,"Near-verbatim Rule 16.1(b)(3)(B) in an order that never cites the Rule. No discovery stay and no reference to Rule 26(a)(1), so nothing is fixed.",ZL,2026-08-12,1
3166,3166-order1,b3c_discovery,TRUE,TRUE,TRUE,FALSE,¶ 8(x); ¶ 10,a schedule for discovery; … and discovery taken to date.,"Materially thinner than Rule 16.1(b)(3)(C), which asks about discovery 'including difficult issues': this order asks only for a schedule, plus a report of discovery taken to date in the member case status reports. Notably, and unlike MDL 3171 ¶ 6, THIS ORDER CONTAINS NO DISCOVERY STAY. Nothing about discovery is fixed, so FALSE.",ZL,2026-08-12,1
3166,3166-order1,b3d_pretrial_motions,TRUE,TRUE,TRUE,TRUE,¶ 10; ¶ 12,"These reports must include a list of all pending motions in the member case, together with their current status; … All pending motions must be renoticed once the Court sets a schedule for such motions.","The closest express call in this order, flagged as such. There is no conference agenda item on likely future motions; MDL 3171 later adds one at ¶ 9(ix) ('a process for handling motions to remand'). Express is coded TRUE because ¶ 12 expressly contemplates the Court setting a motion schedule and requires renoticing against it, so a reader of the order alone would know pretrial motion practice is in play. Resolution under pass 1 application rule R2: ¶ 12 fixes that pending motions are renoticed on a court-set schedule, which the parties' statements cannot change.",ZL,2026-08-12,1
3166,3166-order1,b3e_settlement_facilitation,FALSE,FALSE,FALSE,FALSE,,,"Not raised, and no incorporation clause sweeps it in. The only appearance of the concept is inside the leadership item at ¶ 8(ii), 'facilitating resolution of the MDL proceedings,' which describes lead counsel's role and is coded at b2a_responsibilities. No ADR item, no settlement master, no mediation reference. MDL 3171 adds both an ADR agenda item (¶ 9(xv)) and a Special Settlement Master nomination procedure (¶ 16).",ZL,2026-08-12,1
3166,3166-order1,b3f_magistrate_master,TRUE,TRUE,TRUE,FALSE,¶ 8(xii),whether any matters should be referred to a magistrate judge or master.,Effectively verbatim Rule 16.1(b)(3)(F) in an order that never cites the Rule. No referral is made and no carve-out is stated; MDL 3171 later adds the discovery carve-out and the tentative referral to Magistrate Judge Cisneros.,ZL,2026-08-12,1
3166,3166-order1,b3g_principal_issues,TRUE,TRUE,TRUE,FALSE,¶ 8(v); ¶ 8(vi); ¶ 9; ¶ 10,priority claims and defenses likely to be presented; factual and legal threshold issues likely to be presented; … Statements also must include a summary position statement indicating their preliminary understanding of the key facts involved in the litigation and the critical factual and legal issues.,"Same sequencing vocabulary as MDL 3171: 'priority' and 'threshold' rather than the Rule's 'principal factual and legal issues.' Reinforced at the member case level by ¶ 10, which requires each party to identify 'the member case's key facts and critical factual and legal issues.'",ZL,2026-08-12,1
3167,3167-order1,b2a_leadership,TRUE,TRUE,TRUE,FALSE,¶ 3.d,Organization of liaison and/or interim lead counsel on each side.,"IDENTIFIED. One of only four subjects this order names. Two features worth recording. First, 'on each side': this is one of the few orders in the set to put DEFENSE leadership on the agenda alongside plaintiffs', where MDLs 3163, 3166, 3171, 3179, and 3185 are all plaintiffs-only. Second, 'interim,' which anticipates the provisional appointment Judge Barlow later made in Pretrial Order No. 2. No appointment is made here and none is foreshadowed as certain, so no resolution. THE PROPOSED-ORDER FORK at ¶ 1 was tested against this row and does not fire: it is permissive ('the parties may submit their own proposed Orders'), and it fixes the form of submission on disagreement rather than the treatment of any Rule 16.1 subject. Codebook test case 5 anticipated it would code like test case 4 'on the subjects it touches'; on this reading it touches none of the twenty.",ZL,2026-08-12,1
3167,3167-order1,b2a_timing,TRUE,FALSE,FALSE,FALSE,"route only, not an express treatment: ¶ 1 (blanket clause)",,"INCORPORATED. Reached only by the blanket clause at ¶ 1 and not named anywhere in the order's own text. Incorporated scope is Rule 16.1(b) in full, so it reaches both the (b)(2) and the (b)(3) subjects.",ZL,2026-08-12,1
3167,3167-order1,b2a_structure,TRUE,TRUE,TRUE,FALSE,¶ 3.d,Organization of liaison and/or interim lead counsel on each side.,"IDENTIFIED. 'Organization' is this order's word for the Rule's 'structure,' and the clause names two roles, liaison and interim lead counsel, on both sides. Nothing is fixed.",ZL,2026-08-12,1
3167,3167-order1,b2a_selection_procedure,TRUE,FALSE,FALSE,FALSE,"route only, not an express treatment: ¶ 1 (blanket clause)",,"INCORPORATED. Reached only by the blanket clause at ¶ 1 and not named anywhere in the order's own text. Incorporated scope is Rule 16.1(b) in full, so it reaches both the (b)(2) and the (b)(3) subjects.",ZL,2026-08-12,1
3167,3167-order1,b2a_periodic_review,TRUE,FALSE,FALSE,FALSE,"route only, not an express treatment: ¶ 1 (blanket clause)",,"INCORPORATED. Reached only by the blanket clause at ¶ 1 and not named anywhere in the order's own text. Incorporated scope is Rule 16.1(b) in full, so it reaches both the (b)(2) and the (b)(3) subjects.",ZL,2026-08-12,1
3167,3167-order1,b2a_responsibilities,TRUE,FALSE,FALSE,FALSE,"route only, not an express treatment: ¶ 1 (blanket clause)",,"INCORPORATED. Reached only by the blanket clause at ¶ 1 and not named anywhere in the order's own text. Incorporated scope is Rule 16.1(b) in full, so it reaches both the (b)(2) and the (b)(3) subjects.",ZL,2026-08-12,1
3167,3167-order1,b2a_communication,TRUE,FALSE,FALSE,FALSE,"route only, not an express treatment: ¶ 1 (blanket clause)",,"INCORPORATED. Reached only by the blanket clause at ¶ 1 and not named anywhere in the order's own text. Incorporated scope is Rule 16.1(b) in full, so it reaches both the (b)(2) and the (b)(3) subjects.",ZL,2026-08-12,1
3167,3167-order1,b2a_nonleadership_limits,TRUE,FALSE,FALSE,FALSE,"route only, not an express treatment: ¶ 1 (blanket clause)",,"INCORPORATED. Reached only by the blanket clause at ¶ 1 and not named anywhere in the order's own text. Incorporated scope is Rule 16.1(b) in full, so it reaches both the (b)(2) and the (b)(3) subjects.",ZL,2026-08-12,1
3167,3167-order1,b2a_compensation,TRUE,FALSE,FALSE,FALSE,"route only, not an express treatment: ¶ 1 (blanket clause)",,"INCORPORATED. Reached only by the blanket clause at ¶ 1 and not named anywhere in the order's own text. Incorporated scope is Rule 16.1(b) in full, so it reaches both the (b)(2) and the (b)(3) subjects.",ZL,2026-08-12,1
3167,3167-order1,b2b_vacate_modify,TRUE,FALSE,FALSE,FALSE,"route only, not an express treatment: ¶ 1 (blanket clause)",,"INCORPORATED. Reached only by the blanket clause at ¶ 1 and not named anywhere in the order's own text. Incorporated scope is Rule 16.1(b) in full, so it reaches both the (b)(2) and the (b)(3) subjects.",ZL,2026-08-12,1
3167,3167-order1,b2c_conference_schedule,TRUE,FALSE,FALSE,FALSE,"route only, not an express treatment: ¶ 1 (blanket clause)",,"INCORPORATED. Reached only by the blanket clause at ¶ 1 and not named anywhere in the order's own text. Incorporated scope is Rule 16.1(b) in full, so it reaches both the (b)(2) and the (b)(3) subjects.",ZL,2026-08-12,1
3167,3167-order1,b2d_direct_filing,TRUE,FALSE,FALSE,FALSE,"route only, not an express treatment: ¶ 1 (blanket clause)",,"INCORPORATED. Reached only by the blanket clause at ¶ 1 and not named anywhere in the order's own text. Incorporated scope is Rule 16.1(b) in full, so it reaches both the (b)(2) and the (b)(3) subjects. Adjacent provision considered and rejected: ¶ 3.b concerns tag-along cases, which arrive by transfer rather than by direct filing, and is coded at b2e_related_actions.",ZL,2026-08-12,1
3167,3167-order1,b2e_related_actions,TRUE,TRUE,TRUE,FALSE,¶ 3.b,The likelihood and potential timing of any additional tag-along cases;,"IDENTIFIED. Tag-along cases are actions filed elsewhere and transferred in, so this is (b)(2)(E)'s 'whether related actions have been—or are expected to—be filed in other courts,' not (b)(2)(D)'s direct filing. The order adds a timing dimension the Rule does not have and says nothing about coordination methods.",ZL,2026-08-12,1
3167,3167-order1,b3a_consolidated_pleadings,TRUE,FALSE,FALSE,FALSE,"route only, not an express treatment: ¶ 1 (blanket clause)",,"INCORPORATED. Reached only by the blanket clause at ¶ 1 and not named anywhere in the order's own text. Incorporated scope is Rule 16.1(b) in full, so it reaches both the (b)(2) and the (b)(3) subjects.",ZL,2026-08-12,1
3167,3167-order1,b3b_factual_basis_exchange,TRUE,FALSE,FALSE,FALSE,"route only, not an express treatment: ¶ 1 (blanket clause)",,"INCORPORATED. Reached only by the blanket clause at ¶ 1 and not named anywhere in the order's own text. Incorporated scope is Rule 16.1(b) in full, so it reaches both the (b)(2) and the (b)(3) subjects.",ZL,2026-08-12,1
3167,3167-order1,b3c_discovery,TRUE,FALSE,FALSE,FALSE,"route only, not an express treatment: ¶ 1 (blanket clause)",,"INCORPORATED. Reached only by the blanket clause at ¶ 1 and not named anywhere in the order's own text. Incorporated scope is Rule 16.1(b) in full, so it reaches both the (b)(2) and the (b)(3) subjects. Adjacent provision considered and rejected: ¶ 3.c, 'Any proposed special procedures to promote efficient management of the case,' is a residual management catch-all that names no subject, and is not coded as express anywhere.",ZL,2026-08-12,1
3167,3167-order1,b3d_pretrial_motions,TRUE,FALSE,FALSE,FALSE,"route only, not an express treatment: ¶ 1 (blanket clause)",,"INCORPORATED. Reached only by the blanket clause at ¶ 1 and not named anywhere in the order's own text. Incorporated scope is Rule 16.1(b) in full, so it reaches both the (b)(2) and the (b)(3) subjects.",ZL,2026-08-12,1
3167,3167-order1,b3e_settlement_facilitation,TRUE,FALSE,FALSE,FALSE,"route only, not an express treatment: ¶ 1 (blanket clause)",,"INCORPORATED. Reached only by the blanket clause at ¶ 1 and not named anywhere in the order's own text. Incorporated scope is Rule 16.1(b) in full, so it reaches both the (b)(2) and the (b)(3) subjects. This is the exact row used as codebook test case 5, and it codes as the codebook predicted: reached TRUE, express FALSE, direction FALSE, resolution FALSE.",ZL,2026-08-12,1
3167,3167-order1,b3f_magistrate_master,TRUE,FALSE,FALSE,FALSE,"route only, not an express treatment: ¶ 1 (blanket clause)",,"INCORPORATED. Reached only by the blanket clause at ¶ 1 and not named anywhere in the order's own text. Incorporated scope is Rule 16.1(b) in full, so it reaches both the (b)(2) and the (b)(3) subjects.",ZL,2026-08-12,1
3167,3167-order1,b3g_principal_issues,TRUE,TRUE,TRUE,FALSE,¶ 3.a,The general nature and potential dimensions of the litigation;,"IDENTIFIED, and the coarsest treatment of (b)(3)(G) in the set. The Rule asks for 'the principal factual and legal issues likely to be presented'; this asks for the nature and dimensions of the litigation, which is scope rather than issue identification and never uses the word 'issues.' Coded express because a reader of ¶ 3.a alone would know the substance of the case must be addressed. Flagged as the closest express call in this order.",ZL,2026-08-12,1
3170,3170-order1,b2a_leadership,TRUE,TRUE,TRUE,FALSE,item 1,"Whether leadership counsel should be appointed and, if so:",Verbatim Rule 16.1(b)(2)(A).,ZL,2026-08-12,1
3170,3170-order1,b2a_timing,TRUE,TRUE,TRUE,FALSE,item 1.a,the timing of the appointments;,Verbatim Rule 16.1(b)(2)(A)(i).,ZL,2026-08-12,1
3170,3170-order1,b2a_structure,TRUE,TRUE,TRUE,FALSE,item 1.b,the structure of leadership counsel;,Verbatim Rule 16.1(b)(2)(A)(ii).,ZL,2026-08-12,1
3170,3170-order1,b2a_selection_procedure,TRUE,TRUE,TRUE,FALSE,item 1.c,the procedure for selecting leadership and whether the appointments should be reviewed periodically;,"Verbatim Rule 16.1(b)(2)(A)(iii), reproduced whole and split by this project into selection and periodic review.",ZL,2026-08-12,1
3170,3170-order1,b2a_periodic_review,TRUE,TRUE,TRUE,FALSE,item 1.c,the procedure for selecting leadership and whether the appointments should be reviewed periodically;,"Second half of the (b)(2)(A)(iii) clause, coded from the same sentence as b2a_selection_procedure.",ZL,2026-08-12,1
3170,3170-order1,b2a_responsibilities,TRUE,TRUE,TRUE,FALSE,item 1.d,their responsibilities and authority in conducting pretrial activities and any role in facilitating resolution of the MDL proceedings;,Verbatim Rule 16.1(b)(2)(A)(iv).,ZL,2026-08-12,1
3170,3170-order1,b2a_communication,TRUE,TRUE,TRUE,FALSE,item 1.e,the proposed methods for regularly communicating with and reporting to the court and nonleadership counsel;,Verbatim Rule 16.1(b)(2)(A)(v).,ZL,2026-08-12,1
3170,3170-order1,b2a_nonleadership_limits,TRUE,TRUE,TRUE,FALSE,item 1.f,any limits on activity by nonleadership counsel; and,Verbatim Rule 16.1(b)(2)(A)(vi).,ZL,2026-08-12,1
3170,3170-order1,b2a_compensation,TRUE,TRUE,TRUE,FALSE,item 1.g,whether and when to establish a means for compensating leadership counsel.,"Verbatim Rule 16.1(b)(2)(A)(vii), with no side limitation.",ZL,2026-08-12,1
3170,3170-order1,b2b_vacate_modify,TRUE,TRUE,TRUE,FALSE,item 2,Whether any previously entered scheduling or other orders should be vacated or modified;,"Recast from the Rule's noun phrase, 'any previously entered scheduling or other orders that should be vacated or modified,' into a question. Substance unchanged. Confirmed against Case Management Order #1, which contains no provision continuing or disturbing transferor-court orders. ¶ 5.c terminates pending motions, not orders, and is coded at b3d_pretrial_motions.",ZL,2026-08-12,1
3170,3170-order1,b2c_conference_schedule,TRUE,TRUE,TRUE,FALSE,item 3,A schedule for additional management conferences with the court;,Verbatim Rule 16.1(b)(2)(C).,ZL,2026-08-12,1
3170,3170-order1,b2d_direct_filing,TRUE,TRUE,TRUE,TRUE,CMO #2 item 4; CMO #1 ¶ 2; CMO #1 ¶ 6,"How to manage the direct filing of new actions in the MDL proceedings; … Any actions later filed in, removed to, or transferred to this Court will be consolidated automatically with this action, without the need for a motion or entry of an order by the Court. … any plaintiff whose case would be subject to transfer to MDL No. 3170 may file their case directly in the United States District Court for the Northern District of Illinois, noting on the civil cover sheet that the case is related to Case Number 25 CV 10320 and MDL No. 3170. All plaintiffs directly filing in the U.S. District Court, Northern District of Illinois, are required to pay the standard New Action Filing Fee to initiate the case.","THE ONLY EXPRESS DIRECT-FILING PERMISSION IN THE CODED SET. Every other order that resolves this subject does so passively, by providing that actions later filed in the district are automatically consolidated. CMO #1 ¶ 6 does the opposite: it affirmatively invites plaintiffs whose cases would be subject to transfer to file directly in this district, states the reason ('To eliminate delays associated with transfer of cases filed in or removed from other federal district courts'), and prescribes the mechanics, a civil cover sheet notation and payment of the standard filing fee. Rule 16.1(b)(2)(D) asks the parties how to manage direct filing; this court answered the question itself, in a companion order, on the same day it asked it.",ZL,2026-08-12,1
3170,3170-order1,b2e_related_actions,TRUE,TRUE,TRUE,FALSE,item 5,"Whether related actions have been—or are expected to—be filed in other courts, and whether to adopt additional methods for coordinating with them;","Carries the Rule's own unusual dash placement, 'are expected to—be filed,' which marks this order as a faithful transcriber alongside MDL 3174 and against the MDL 3162 and 3180 form order. ONE SUBSTANTIVE ADDITION: the Rule reads 'whether to adopt methods for coordinating with them'; this order inserts 'additional,' which presupposes that some coordination is already in place.",ZL,2026-08-12,1
3170,3170-order1,b3a_consolidated_pleadings,TRUE,TRUE,TRUE,FALSE,item 6,Whether consolidated pleadings should be filed;,"WORD CHANGE: the Rule reads 'whether consolidated pleadings should be prepared.' This order says 'filed.' Preparation and filing are different acts, and the change narrows the question.",ZL,2026-08-12,1
3170,3170-order1,b3b_factual_basis_exchange,TRUE,TRUE,TRUE,FALSE,item 7,How and when the parties will exchange information about the factual bases for their claims and defenses;,Verbatim Rule 16.1(b)(3)(B).,ZL,2026-08-12,1
3170,3170-order1,b3c_discovery,TRUE,TRUE,TRUE,TRUE,CMO #2 item 8; CMO #1 ¶ 5.b,"Discovery, including any difficult issues that may arise; … Pending the initial conference and until further order of this Court, all outstanding discovery is stayed, and no further discovery may be initiated. Relief from this stay may be granted for good cause shown, such as the ill health of a proposed deponent.","Verbatim Rule 16.1(b)(3)(C) in Order #2, and an operative stay in Order #1. The stay is the only one in the set that states its own escape valve and illustrates it: relief for good cause, 'such as the ill health of a proposed deponent.'",ZL,2026-08-12,1
3170,3170-order1,b3d_pretrial_motions,TRUE,TRUE,TRUE,TRUE,CMO #2 item 9; CMO #1 ¶ 5.a; CMO #1 ¶ 5.c,Any likely pretrial motions; … Any defendant that has not yet responded to a complaint in which it is named as a defendant will be granted an extension of time for responding to the complaint until a date to be set later by this Court. … All pending motions that predate transfer of any action are hereby terminated without prejudice and must be refiled in this Court.,"Verbatim Rule 16.1(b)(3)(D) in Order #2; two operative provisions in Order #1 fire application rule R2. ¶ 5.c goes further than the comparable clauses elsewhere: MDL 3162 ¶ 14 administratively terminates pre-transfer motions without requiring anything, while this order terminates them and requires refiling in this court.",ZL,2026-08-12,1
3170,3170-order1,b3e_settlement_facilitation,FALSE,FALSE,FALSE,FALSE,,,"THE OMISSION. This order reproduces seventeen of the Rule's eighteen enumerated report items, in the Rule's own order, and drops exactly one: (b)(3)(E), 'whether the court should consider any measures to facilitate resolving some or all actions before the court.' The list runs from item 9 ('Any likely pretrial motions') straight to item 10 ('Whether any matters should be referred to a magistrate judge or a master'), skipping the settlement-facilitation item. reached is FALSE because the order's opening words, 'Pursuant to Fed. R. Civ. P. 16.1, the parties are directed to ... submit a report addressing the parties' views on the following matters,' cite the Rule as authority and then define an exhaustive list; that is not an incorporation clause of the kind in MDLs 3167, 3171, and 3175. The dropped item is one of the five whose marginal contribution the order-level analysis attributes to the Rule.",ZL,2026-08-12,1
3170,3170-order1,b3f_magistrate_master,TRUE,TRUE,TRUE,FALSE,item 10,Whether any matters should be referred to a magistrate judge or a master; and,Verbatim Rule 16.1(b)(3)(F).,ZL,2026-08-12,1
3170,3170-order1,b3g_principal_issues,TRUE,TRUE,TRUE,FALSE,item 11,The principal factual and legal issues likely to be presented.,"Verbatim Rule 16.1(b)(3)(G), retaining 'principal.'",ZL,2026-08-12,1
3171,3171-order1,b2a_leadership,TRUE,TRUE,TRUE,TRUE,¶ 8; ¶ 9(i),"The Court anticipates appointing a Plaintiffs’ lead counsel to coordinate and conduct pretrial activities. The Court requires individual applications for a lead counsel position, and any attorney who has filed an action in this MDL may apply. … The Court will appoint lead counsel as soon as possible thereafter.","Resolution despite the hedge in 'anticipates.' The court required applications, set deadlines for applications and objections, provided for argument, and stated it will appoint; the parties cannot decide through their submissions that no lead counsel will be appointed. Plaintiffs' side only; the order says nothing about defense leadership. ¶ 7 separately creates an interim 'point of contact' role, selected by plaintiffs' counsel rather than appointed by the court; the order treats it as distinct from lead counsel and it is not coded as leadership counsel here.",ZL,2026-08-12,1
3171,3171-order1,b2a_timing,TRUE,TRUE,TRUE,TRUE,¶ 8,"Applications must be filed in the master docket by February 26, 2026. … Responses or objections must be filed in the master docket by March 12, 2026. Applicants and objectors will have the opportunity to address the Court briefly in person at the initial case management conference. The Court will appoint lead counsel as soon as possible thereafter.","Express by description rather than by the Rule's label: the order never says 'timing of the appointments' but fixes the whole appointment timetable, so a reader of the order alone would know the subject is in play. The dates are not open to change through the parties' case management statements.",ZL,2026-08-12,1
3171,3171-order1,b2a_structure,TRUE,TRUE,TRUE,FALSE,¶ 8; ¶ 9(i),"Counsel should be prepared to discuss the appropriate organization structure (e.g., steering committee) at the initial case management conference.","The court commits to appointing a single plaintiffs' lead counsel but expressly defers everything beyond that, both at ¶ 8 ('should be prepared to discuss') and at ¶ 9(i) ('any further needs for organizational structure'). Deferral is the opposite of resolution, so FALSE.",ZL,2026-08-12,1
3171,3171-order1,b2a_selection_procedure,TRUE,TRUE,TRUE,TRUE,¶ 8,"The Court requires individual applications for a lead counsel position, and any attorney who has filed an action in this MDL may apply. Applications must be filed in the master docket by February 26, 2026. … Each attorney’s application must include a resume not exceeding two pages, a letter not exceeding three pages (single-spaced), and a case plan not exceeding five pages (single-spaced).","Codebook test case 1 pattern. The subject is the selection procedure and the court fixed it: who may apply, in what format, at what length, by when, with six enumerated letter criteria, a case plan requirement, an objection window, and in-person argument. None of that is alterable through the parties' submissions.",ZL,2026-08-12,1
3171,3171-order1,b2a_periodic_review,TRUE,FALSE,FALSE,FALSE,"route only, not an express treatment: ¶ 9(xviii); ¶ 10",,INCORPORATED. Reached only by the residual clause at ¶ 9(xviii) ('any topics not already listed but included in Federal Rule of Civil Procedure 16.1(b)') and the blanket direction at ¶ 10 that the statements address the ¶ 9 subjects 'as well as those in Rule 16.1(b)'. Incorporated scope is all of Rule 16.1(b). Nothing in the order's own words raises periodic review of leadership appointments.,ZL,2026-08-12,1
3171,3171-order1,b2a_responsibilities,TRUE,TRUE,TRUE,FALSE,¶ 9(ii),the responsibilities and authority of lead counsel;,"Near-verbatim Rule 16.1(b)(2)(A)(iv) with the pretrial-activities and resolution-facilitation language dropped. ¶ 8's phrase 'to coordinate and conduct pretrial activities' describes the role's purpose rather than fixing its authority, and ¶ 9(ii) puts responsibilities squarely on the conference agenda, so no resolution. ¶ 7 does fix the responsibilities, authority, and cost-sharing of the interim 'point of contact,' but the order treats that as an administrative role distinct from lead counsel. PAIRED DIVERGENCE, flagged for review: MDL 3166 ¶ 6 is the same provision under the name 'Interim liaison counsel,' and is coded there as a leadership role, which makes that row's court_resolution TRUE. The difference is nominal, not functional. It follows from the codebook's express test, which asks what a reader of the order alone would know without consulting the Rule. A rebuilder applying a functional test would flip this row to TRUE.",ZL,2026-08-12,1
3171,3171-order1,b2a_communication,TRUE,FALSE,FALSE,FALSE,"route only, not an express treatment: ¶ 9(xviii); ¶ 10",,"INCORPORATED. Notable template divergence: MDL 3166 (Seeborg, N.D. Cal., Dec. 17, 2025) uses the same N.D. Cal. template and its ¶ 8(ii) retains the Rule's reporting language ('reporting to the court and non-leadership counsel'). Lin's ¶ 9(ii) drops it. Adjacent but not coded express: ¶ 15 requires all substantive communication with the Court to be written and e-filed, which binds all counsel rather than establishing leadership reporting; ¶ 7 gives the point of contact a notice-transmittal duty.",ZL,2026-08-12,1
3171,3171-order1,b2a_nonleadership_limits,TRUE,FALSE,FALSE,FALSE,"route only, not an express treatment: ¶ 9(xviii); ¶ 10",,"INCORPORATED. Adjacent but not coded express: ¶ 12 permits plaintiffs with similar interests to agree on a single attorney to attend the conference, which is a voluntary economy rather than a court-imposed limit on nonleadership activity; ¶ 15 addresses privilege and work product in information sharing among plaintiffs' counsel.",ZL,2026-08-12,1
3171,3171-order1,b2a_compensation,TRUE,TRUE,TRUE,FALSE,¶ 8,"The case plan should also discuss a potential common benefit fund approach, recognizing that substantial resources have already been expended in the California state court coordinated proceeding, and whether any form of alternative dispute resolution would be productive relating to that issue.","A common benefit fund is the standard means of compensating leadership counsel, so this is within Rule 16.1(b)(2)(A)(vii) even though 'common benefit' is also tracked as beyond-Rule vocabulary at the order level. Distinctive channel: the direction runs to lead counsel applicants in their case plans, not to the parties jointly in the case management statements. No fund or means is established, so no resolution. ¶ 7 allocates point-of-contact expenses equally among plaintiffs, but that is the administrative role, not leadership counsel.",ZL,2026-08-12,1
3171,3171-order1,b2b_vacate_modify,TRUE,TRUE,TRUE,TRUE,¶ 9(iv); ¶ 13,any previously entered scheduling or other orders that should be stayed or vacated; … Any orders previously entered by a transferor court—including protective orders and evidence-preservation orders—shall remain in effect until this Court orders otherwise.,"Resolution by continuation, codebook test case 3. Textual divergence worth recording: ¶ 9(iv) says 'stayed or vacated' where Rule 16.1(b)(2)(B) says 'vacated or modified,' which is evidence that this list is template-derived rather than copied from the Rule.",ZL,2026-08-12,1
3171,3171-order1,b2c_conference_schedule,TRUE,FALSE,FALSE,FALSE,"route only, not an express treatment: ¶ 9(xviii); ¶ 10",,"INCORPORATED. ¶ 9 sets the initial case management conference for March 25, 2026, but that is the Rule 16.1(a) conference, not the 'additional' conferences (b)(2)(C) addresses. No further conference is scheduled and no schedule for further conferences is requested.",ZL,2026-08-12,1
3171,3171-order1,b2d_direct_filing,TRUE,TRUE,TRUE,TRUE,¶ 1; ¶ 2,"Any tag-along action transferred to this Court or filed in this District will be automatically consolidated with this action without the need for future motions or orders. … To facilitate consolidation, all parties to this MDL must notify the Panel of any related or tag-along action of which they are or become aware.","Operative rather than agenda treatment: the order manages direct filing by fixing what happens to actions filed in this District, without listing direct filing as a conference topic. ¶ 1 extends the order to 'all related cases filed in the Northern District of California.' Direction runs through the mandatory Panel-notification duty in ¶ 2 and the service duty in the final unnumbered paragraph.",ZL,2026-08-12,1
3171,3171-order1,b2e_related_actions,TRUE,TRUE,TRUE,TRUE,¶ 2; ¶ 9(xii); ¶ 11,"a schedule for discovery and any agreements concerning the use of discovery from the California state court coordinated proceeding; … Defendant shall prepare a summary of the procedural history of the California state court coordinated proceeding, including key orders, a description of any alternative dispute resolution undertaken, significant discovery issues and their resolution, and the case schedule. Defendant shall also prepare a chart listing all member actions in this federal MDL and all potential tag-along actions of which it is aware.","The most substantive treatment of (b)(2)(E) located so far. Where the Rule asks whether related actions exist and whether to adopt coordination methods, ¶ 11 orders a coordination dossier into existence: a defendant-prepared procedural history of the parallel California state court coordinated proceeding plus a member-action and tag-along chart, on a fixed schedule (draft to plaintiffs Feb. 26, filed Mar. 12), with a meet-and-confer, notation of disagreements, and an Excel copy to the proposed order inbox. None of that is alterable through the parties' statements.",ZL,2026-08-12,1
3171,3171-order1,b3a_consolidated_pleadings,TRUE,TRUE,TRUE,FALSE,¶ 9(vii),whether consolidated pleadings should be prepared and a schedule for such;,"Rule 16.1(b)(3)(A) plus an added scheduling element ('and a schedule for such'). ¶ 6 extends defendant's time to respond by motion or answer until a date to be set by the Court, which fixes responsive-pleading timing but does not determine whether consolidated pleadings will be prepared, so no resolution is coded here; that provision is coded at b3d_pretrial_motions.",ZL,2026-08-12,1
3171,3171-order1,b3b_factual_basis_exchange,TRUE,TRUE,TRUE,FALSE,¶ 9(x),a plan and schedule for exchange of information about the factual bases for parties’ claims and defenses;,"Near-verbatim Rule 16.1(b)(3)(B). Contrast with MDL 3162: Bates's ¶ 5(g) expressly ties this subject to Rule 26(a)(1) and his ¶ 12 tolls Rules 26 through 37, so the stay reaches this subject there. Lin's ¶ 9(x) makes no reference to the discovery rules, and her ¶ 6 stay speaks only of 'discovery proceedings.' Under the pass 1 application rule, a general discovery stay resolves a subject other than b3c_discovery only where the order's own text ties that subject to the stayed machinery. It does not here, so FALSE.",ZL,2026-08-12,1
3171,3171-order1,b3c_discovery,TRUE,TRUE,TRUE,TRUE,¶ 6; ¶ 9(xii),"a schedule for discovery and any agreements concerning the use of discovery from the California state court coordinated proceeding; … Pending further order of this Court, all outstanding discovery proceedings are stayed, and no further discovery shall be initiated.","Both attributes, from different paragraphs. Rule 16.1(b)(3)(C) reads 'discovery, including difficult issues'; Lin's item drops the difficult-issues language and adds cross-proceeding discovery agreements with the California state court coordinated proceeding. The stay is fixed until further order of the Court and cannot be lifted by the parties' statements.",ZL,2026-08-12,1
3171,3171-order1,b3d_pretrial_motions,TRUE,TRUE,TRUE,TRUE,¶ 6; ¶ 9(ix); ¶ 13,a process for handling motions to remand; … Defendant is granted an extension of time for responding by motion or answer to the complaints until a date to be set by this Court. … All pending motions must be renoticed once the Court sets a schedule for such motions.,"Express through a named motion type (remand) rather than the Rule's general 'likely pretrial motions.' Resolution under pass 1 application rule R2: a provision fixing when a pretrial motion, including a Rule 12 response to a complaint, may be filed, must be renoticed, or is due is an operative determination within this subject. ¶ 6 and ¶ 13 both do so, and the parties cannot restore the original motion schedule through their statements. What remains open is the identification of likely motions and the eventual briefing schedule.",ZL,2026-08-12,1
3171,3171-order1,b3e_settlement_facilitation,TRUE,TRUE,TRUE,TRUE,¶ 9(xv); ¶ 16,"a proposed schedule for alternative dispute resolution, including whether to select a settlement master now; … All parties are invited to file any suggestions of person(s) to appoint as Special Settlement Master. The submissions must be filed by March 5, 2026 and each submission shall not exceed three pages.","Partial resolution. Whether to appoint a settlement master remains open, and the invitation to nominate is permissive, but the nomination procedure itself is fixed: filing deadlines of March 5 and March 12 and page limits of three and two pages, none of which the parties can alter through their statements. ¶ 8 separately directs lead counsel applicants to address whether ADR would be productive as to the common benefit issue.",ZL,2026-08-12,1
3171,3171-order1,b3f_magistrate_master,TRUE,TRUE,TRUE,FALSE,¶ 9(xiv),"whether any matters should be referred to a magistrate judge or master other than discovery, which the Court tentatively intends to refer to Magistrate Judge Lisa Cisneros (who is handling discovery in the Uber Passenger Sexual Assault MDL);","Near-verbatim Rule 16.1(b)(3)(F) with a discovery carve-out. No referral is made: 'tentatively intends' announces a likely course while leaving it open, and the item is on the agenda for discussion, so FALSE. Overlap flagged rather than double-counted: ¶ 16's Special Settlement Master nomination procedure is a master appointment and could be read into this subject; it is coded at b3e_settlement_facilitation and is deliberately not counted again here.",ZL,2026-08-12,1
3171,3171-order1,b3g_principal_issues,TRUE,TRUE,TRUE,FALSE,¶ 9(v); ¶ 9(vi); ¶ 10,priority claims and defenses likely to be presented; factual and legal threshold issues likely to be presented; … Statements also must include a summary position statement indicating their preliminary understanding of the key facts involved in the litigation and the critical factual and legal issues.,"Vocabulary divergence worth recording: Rule 16.1(b)(3)(G) asks for the 'principal factual and legal issues,' which is an identification task. Lin asks for 'priority' claims and defenses and 'threshold' issues, which is a sequencing task, and ¶ 9(xi) pairs it with possible bifurcation. The order asks the parties to rank issues, not merely to list them.",ZL,2026-08-12,1
3172,3172-order1,b2a_leadership,TRUE,TRUE,TRUE,TRUE,Order ¶ 7; Letter p.2,"Prior to the initial conference, counsel for plaintiffs and counsel for defendants shall, to the extent they have not already done so, confer and seek consensus on the selection of a candidate for the position of liaison counsel for each group who will serve as the primary contact person for the Court regarding administrative matters. … Of course, other counsel may file similar proposals if they choose to do so, and the Court will consider all such proposals to make these determinations.","Liaison counsel FOR EACH GROUP, so both plaintiff and defense leadership, which only MDL 3167 also does. Resolution: the order fixes that a liaison will exist on each side and what that role does; the parties select the candidate but cannot decide the role away. Lead counsel and a steering committee remain open and are the subject of the June 22 proposals.",ZL,2026-08-12,1
3172,3172-order1,b2a_timing,TRUE,TRUE,TRUE,TRUE,Letter p.2,"The deadline for submitting such proposals is Wednesday, August 19, 2026, and these proposals should be submitted only by email to KGBchambers@ared.uscourts.gov.","Express under application rule R6: proposals by August 19, hearing August 26, and the court will 'consider all such proposals to make these determinations,' which puts the appointment process on a fixed calendar. The February order alone would have coded FALSE, since it set no dates at all.",ZL,2026-08-12,1
3172,3172-order1,b2a_structure,TRUE,TRUE,TRUE,FALSE,Letter p.2,"That proposal should address the need for liaison counsel in addition to lead counsel, the need for plaintiffs’ steering committee, the proposed fee and compensation structure, and the need for liaison counsel as to related state cases, if any.","Three tiers named for proposal: liaison, lead, and a plaintiffs' steering committee, with a parallel defense proposal. Five-page limit each. Nothing is fixed.",ZL,2026-08-12,1
3172,3172-order1,b2a_selection_procedure,TRUE,TRUE,TRUE,TRUE,Order ¶ 7; Letter p.2,"Prior to the initial conference, counsel for plaintiffs and counsel for defendants shall, to the extent they have not already done so, confer and seek consensus on the selection of a candidate for the position of liaison counsel for each group who will serve as the primary contact person for the Court regarding administrative matters. … Counsel for defendants should do the same, filing separately a proposal (no more than five pages) addressing these same matters for defendants.","A two-stage procedure the court fixed: confer and seek consensus on a liaison candidate (order), then submit page-limited written proposals by email on a deadline (letter). No criteria and no resumes, unlike MDLs 3166, 3171, and 3181.",ZL,2026-08-12,1
3172,3172-order1,b2a_periodic_review,FALSE,FALSE,FALSE,FALSE,,,"Not raised in either document, and no incorporation clause sweeps it in.",ZL,2026-08-12,1
3172,3172-order1,b2a_responsibilities,TRUE,TRUE,TRUE,TRUE,Order ¶ 7; Letter p.2,Liaison counsel shall be required to maintain complete files with copies of all documents served upon them and shall make such files available to other parties upon request. Liaison counsel are also authorized to receive orders and notices from the MDL Panel pursuant to Rule 8(e) of the Panel’s Rules of Procedure on behalf of all parties and shall be responsible for the preparation and transmittal of copies of such orders and notices to all parties.,"The court fixes the liaison role's duties and authority outright, in mandatory terms, which the parties cannot alter. CITATION DRIFT BETWEEN THE TWO DOCUMENTS: the order cites 'Rule 8(e) of the Panel's Rules of Procedure' for the notice-receipt authority; the June 22 letter restates the same sentence citing 'Rule 4.1 of the Rules of Procedure of the Panel.' Recorded as observed.",ZL,2026-08-12,1
3172,3172-order1,b2a_communication,TRUE,TRUE,TRUE,TRUE,Order ¶ 7; Order ¶ 9,"liaison counsel for each group who will serve as the primary contact person for the Court regarding administrative matters. … Attorneys shall communicate with the Court in writing, copied to opposing counsel.","Resolution fires here, unlike MDL 3166, and the difference is textual. Seeborg's ¶ 6 defines liaison counsel's authority without designating the role as the court's contact point; Baker's ¶ 7 makes 'primary contact person for the Court' the role's stated purpose, and ¶ 9 separately fixes the form of all attorney-court communication. Both are operative and neither is alterable by the parties.",ZL,2026-08-12,1
3172,3172-order1,b2a_nonleadership_limits,FALSE,FALSE,FALSE,FALSE,,,"Not raised. The letter's permission for parties with similar interests to agree on an attending attorney is a voluntary conference economy, treated the same way as MDL 3166 ¶ 11, MDL 3171 ¶ 12, and MDL 3181 ¶ 1.b.",ZL,2026-08-12,1
3172,3172-order1,b2a_compensation,TRUE,TRUE,TRUE,FALSE,Letter p.2,"That proposal should address the need for liaison counsel in addition to lead counsel, the need for plaintiffs’ steering committee, the proposed fee and compensation structure, and the need for liaison counsel as to related state cases, if any.",'The proposed fee and compensation structure' is a direct (b)(2)(A)(vii) treatment in a document that never cites the Rule. Nothing is established; the court invites proposals.,ZL,2026-08-12,1
3172,3172-order1,b2b_vacate_modify,TRUE,TRUE,TRUE,TRUE,Order ¶ 10; Letter p.2,"Any orders, including protective orders previously entered by this Court or any transferor district court, shall remain in full force and effect unless modified by this Court upon application. … a summary of the protective orders currently in place and proposals for such orders going forward.","Resolution by continuation, with two features the other continuation clauses lack: it reaches orders previously entered by THIS court as well as by transferor courts, and it names the route to change, 'upon application.' The letter supplies the direction by asking each side to inventory the protective orders in place and propose what should follow.",ZL,2026-08-12,1
3172,3172-order1,b2c_conference_schedule,FALSE,FALSE,FALSE,FALSE,,,"Not raised in either document, and no incorporation clause sweeps it in.",ZL,2026-08-12,1
3172,3172-order1,b2d_direct_filing,TRUE,TRUE,TRUE,TRUE,Order ¶ 1; Order ¶ 4; Order ¶ 5,This Order shall also govern the practice and procedure in any tag-along actions transferred to this Court by the MDL Panel and to any related actions subsequently filed in this Court or otherwise transferred or removed to this Court. … Any paper which is to be filed in any of these actions shall be filed only in this MDL case and not with the transferor district court.,"Operative rather than agenda treatment. ¶ 1 fixes automatic governance of later-filed related actions; ¶¶ 4 and 5 fix where papers are filed, including the unusual instruction that case-specific documents go ONLY in the individual case and not in the master docket, which is the opposite of the N.D. Cal. and D.D.C. practice.",ZL,2026-08-12,1
3172,3172-order1,b2e_related_actions,TRUE,TRUE,TRUE,FALSE,Letter p.2,"the need for liaison counsel as to related state cases, if any.","A coordination method proposed as a topic: a dedicated liaison counsel for related state cases. Only MDL 3171 goes further on (b)(2)(E). Nothing is fixed. The order's tag-along language at ¶ 1 is about which actions this order governs once transferred, not about whether related actions exist elsewhere, and is coded at b2d_direct_filing.",ZL,2026-08-12,1
3172,3172-order1,b3a_consolidated_pleadings,FALSE,FALSE,FALSE,FALSE,,,"Not raised in either document, and no incorporation clause sweeps it in.",ZL,2026-08-12,1
3172,3172-order1,b3b_factual_basis_exchange,FALSE,FALSE,FALSE,FALSE,,,"Not raised in either document, and no incorporation clause sweeps it in.",ZL,2026-08-12,1
3172,3172-order1,b3c_discovery,TRUE,TRUE,TRUE,TRUE,Order ¶ 11; Letter p.2,"Pending the initial conference and further orders of this Court, all outstanding discovery proceedings are stayed, and no further discovery shall be initiated. … a plan for discovery that avoids duplication to the extent possible but does not unduly delay the continued progress of the cases where discovery is underway,","A problem the Rule does not contemplate, stated plainly by the court: 'some cases are very recently filed, while other cases are already well into discovery.' The requested plan must avoid duplication without holding back the advanced cases. That is coordination across uneven member-case postures, not the uniform start Rule 16.1(b)(3)(C) assumes.",ZL,2026-08-12,1
3172,3172-order1,b3d_pretrial_motions,TRUE,TRUE,TRUE,TRUE,Order ¶ 8; Order ¶ 11; Letter p.2,Plaintiffs and defendants are granted an extension of time for responding to any pending motions or required pleadings until a date to be set by this Court. … the Court would like for defendants to report whether they intend to file any motions to dismiss based on jurisdiction or service issues and whether defendants believe the appropriate parties have been named as defendants.,"Resolution under application rule R2: ¶ 11 fixes response timing for pending motions and required pleadings. The letter asks for the timing of motions needing resolution, a proposed motion practice schedule, and an advance statement of intended threshold motions, which is a stronger treatment of 'any likely pretrial motions' than the Rule's own text.",ZL,2026-08-12,1
3172,3172-order1,b3e_settlement_facilitation,FALSE,FALSE,FALSE,FALSE,,,"Not raised in either document, and no incorporation clause sweeps it in.",ZL,2026-08-12,1
3172,3172-order1,b3f_magistrate_master,FALSE,FALSE,FALSE,FALSE,,,"Not raised. Adjacent language considered and rejected under application rule R3: the letter closes 'United States Magistrate Judge Patricia S. Harris may join our call and is assigned to this litigation with me.' That states who is assigned, not whether matters should be referred, and no referral is made.",ZL,2026-08-12,1
3172,3172-order1,b3g_principal_issues,FALSE,FALSE,FALSE,FALSE,,,"Not raised, and MDL 3172 is the only order in the coded set outside the blanket-incorporation orders that asks counsel for nothing about the substance of the case. The letter asks for procedural posture, motion timing, discovery status, and protective orders. It never asks what the litigation is about. The jurisdiction and service questions are framed as intended motions and are coded at b3d_pretrial_motions.",ZL,2026-08-12,1
3174,3174-order1,b2a_leadership,TRUE,TRUE,TRUE,FALSE,Part I(A),"Pursuant to Rule 16.1(b)(2), the report shall address the parties’ views on: (A) Whether leadership counsel should be appointed and, if so:","Verbatim Rule 16.1(b)(2)(A). Unlike MDLs 3162 and 3180, which narrow or broaden the chapeau, this order changes nothing. No appointment is made or foreshadowed. The Rule's (b)(2) chapeau, 'The report must address any matter the court designates—which may include any matter in Rule 16—and, unless the court orders otherwise, the parties' views on,' is NOT reproduced: this order opens Part I with 'Pursuant to Rule 16.1(b)(2), the report shall address the parties' views on,' dropping the court-designated-matter clause and the Rule 16 cross-reference.",ZL,2026-08-12,1
3174,3174-order1,b2a_timing,TRUE,TRUE,TRUE,FALSE,Part I(A)(i),the timing of the appointments;,Verbatim Rule 16.1(b)(2)(A)(i).,ZL,2026-08-12,1
3174,3174-order1,b2a_structure,TRUE,TRUE,TRUE,FALSE,Part I(A)(ii),the structure of leadership counsel;,Verbatim Rule 16.1(b)(2)(A)(ii).,ZL,2026-08-12,1
3174,3174-order1,b2a_selection_procedure,TRUE,TRUE,TRUE,FALSE,Part I(A)(iii),the procedure for selecting leadership and whether the appointments should be reviewed periodically;,"Verbatim Rule 16.1(b)(2)(A)(iii), reproduced whole and split by this project into selection and periodic review. No criteria, format, or deadline is prescribed, which is the maximal contrast with MDLs 3166, 3171, and 3181.",ZL,2026-08-12,1
3174,3174-order1,b2a_periodic_review,TRUE,TRUE,TRUE,FALSE,Part I(A)(iii),the procedure for selecting leadership and whether the appointments should be reviewed periodically;,"Second half of the (b)(2)(A)(iii) clause, coded from the same sentence as b2a_selection_procedure.",ZL,2026-08-12,1
3174,3174-order1,b2a_responsibilities,TRUE,TRUE,TRUE,FALSE,Part I(A)(iv),their responsibilities and authority in conducting pretrial activities and any role in facilitating resolution of the MDL proceedings;,Verbatim Rule 16.1(b)(2)(A)(iv).,ZL,2026-08-12,1
3174,3174-order1,b2a_communication,TRUE,TRUE,TRUE,FALSE,Part I(A)(v),the proposed methods for regularly communicating with and reporting to the court and nonleadership counsel;,Verbatim Rule 16.1(b)(2)(A)(v). One of the five items whose marginal contribution the order-level analysis attributes to the Rule.,ZL,2026-08-12,1
3174,3174-order1,b2a_nonleadership_limits,TRUE,TRUE,TRUE,FALSE,Part I(A)(vi),any limits on activity by nonleadership counsel; and,"Verbatim Rule 16.1(b)(2)(A)(vi). Contrast MDL 3163, which frames the same relationship as allocation of tasks to non-lead counsel rather than limits on them.",ZL,2026-08-12,1
3174,3174-order1,b2a_compensation,TRUE,TRUE,TRUE,FALSE,Part I(A)(vii),whether and when to establish a means for compensating leadership counsel;,"Verbatim Rule 16.1(b)(2)(A)(vii), with no side limitation. Compare MDL 3162 ¶ 5(a)(vii), which narrows the same item to plaintiffs' leadership counsel.",ZL,2026-08-12,1
3174,3174-order1,b2b_vacate_modify,TRUE,TRUE,TRUE,FALSE,Part I(B),Any previously entered scheduling or other orders that should be vacated or modified;,"Verbatim Rule 16.1(b)(2)(B), including 'vacated or modified' where the N.D. Cal. template orders say 'stayed or vacated.' This order contains no provision continuing transferor-court orders, so unlike MDLs 3162, 3166, and 3171 there is no resolution by continuation.",ZL,2026-08-12,1
3174,3174-order1,b2c_conference_schedule,TRUE,TRUE,TRUE,FALSE,Part I(C),A schedule for additional management conferences with the court;,"Verbatim Rule 16.1(b)(2)(C). The court sets only the June 11, 2026 initial conference, which is the Rule 16.1(a) conference, and states it will set that conference's time after reviewing the report. No additional conference is scheduled.",ZL,2026-08-12,1
3174,3174-order1,b2d_direct_filing,TRUE,TRUE,TRUE,FALSE,Part I(D),How to manage the direct filing of new actions in the MDL proceedings; and,"Verbatim Rule 16.1(b)(2)(D). No consolidation or automatic-application clause anywhere in the order, so unlike every other order coded so far nothing operative attaches to this subject.",ZL,2026-08-12,1
3174,3174-order1,b2e_related_actions,TRUE,TRUE,TRUE,FALSE,Part I(E),"Whether related actions have been—or are expected to—be filed in other courts, and whether to adopt methods for coordinating with them.","Verbatim Rule 16.1(b)(2)(E), including the Rule's own unusual dash placement, 'are expected to—be filed.' Verified against the Rule text on 12 Aug 2026. MDL 3162 and the form order it shares with MDL 3180 regularize the same clause to 'are expected to be—filed,' which makes the punctuation a usable provenance marker across the set.",ZL,2026-08-12,1
3174,3174-order1,b3a_consolidated_pleadings,TRUE,TRUE,TRUE,FALSE,Part II(A),"Pursuant to Rule 16.1(b)(3), the report shall also address the parties’ initial views on: (A) Whether consolidated pleadings should be prepared;","Verbatim Rule 16.1(b)(3)(A). The chapeau adds 'initial' to the Rule's 'views,' the only substantive word this order adds to the transcribed text.",ZL,2026-08-12,1
3174,3174-order1,b3b_factual_basis_exchange,TRUE,TRUE,TRUE,FALSE,Part II(B),How and when the parties will exchange information about the factual bases for their claims and defenses;,"Verbatim Rule 16.1(b)(3)(B), with none of the added machinery other orders attach: no Rule 26(a)(1) gloss as in MDLs 3162 and 3180, no census as in MDL 3163, no plaintiff fact sheet.",ZL,2026-08-12,1
3174,3174-order1,b3c_discovery,TRUE,TRUE,TRUE,FALSE,Part II(C),"Discovery, including any difficult issues that may arise;","Verbatim Rule 16.1(b)(3)(C), retaining the difficult-issues language that MDLs 3166 and 3171 drop. No discovery stay anywhere in the order, so no resolution.",ZL,2026-08-12,1
3174,3174-order1,b3d_pretrial_motions,TRUE,TRUE,TRUE,FALSE,Part II(D),Any likely pretrial motions;,"Verbatim Rule 16.1(b)(3)(D), with no added briefing-schedule element of the kind MDL 3162 ¶ 5(i) attaches. Nothing in the order fixes when any motion may be filed or is due, so application rule R2 does not fire and resolution is FALSE.",ZL,2026-08-12,1
3174,3174-order1,b3e_settlement_facilitation,TRUE,TRUE,TRUE,FALSE,Part II(E),Whether the court should consider any measures to facilitate resolving some or all actions before the court;,"Verbatim Rule 16.1(b)(3)(E). One of the five items whose marginal contribution the order-level analysis attributes to the Rule, and absent entirely from MDLs 3163 and 3166.",ZL,2026-08-12,1
3174,3174-order1,b3f_magistrate_master,TRUE,TRUE,TRUE,FALSE,Part II(F),Whether any matters should be referred to a magistrate judge or a master; and,Verbatim Rule 16.1(b)(3)(F). No referral made or foreshadowed.,ZL,2026-08-12,1
3174,3174-order1,b3g_principal_issues,TRUE,TRUE,TRUE,FALSE,Part II(G),The principal factual and legal issues likely to be presented.,"Verbatim Rule 16.1(b)(3)(G), retaining 'principal' where MDLs 3166 and 3171 substitute the sequencing vocabulary of 'priority' claims and 'threshold' issues.",ZL,2026-08-12,1
3175,3175-order1,b2a_leadership,TRUE,TRUE,FALSE,FALSE,p.2 para 3 (express); p.1 para 2 (blanket clause),Any lawyer who seeks a leadership position in the case and other lawyers who wish to speak during the hearing should be present in the courtroom.,"IDENTIFIED, and one of only two subjects this order names in its own words. The sentence tells a reader that leadership positions will be contested and that aspirants must appear, so the subject is in play without consulting the Rule. party_direction is coded FALSE under the codebook instruction to undercount when unsure: the only leadership-specific instruction concerns courtroom attendance rather than what the parties must address, and the report direction reaches this subject only through the blanket clause. A rebuilder who reads the attendance requirement as an instruction bearing on the leadership contest would code it TRUE.",ZL,2026-08-12,1
3175,3175-order1,b2a_timing,TRUE,FALSE,FALSE,FALSE,"route only, not an express treatment: p.1 para 2 (blanket clause)",,"INCORPORATED. Reached only by the blanket clause and not named anywhere in the order's own text. Incorporated scope is the whole of Rule 16.1, since the preceding sentence identifies the conference as one 'under Federal Rule of Civil Procedure 16.1' and the report must address 'each of the matters listed in the rule.' This is the row type that the old single binary got wrong; see AUDIT.md, 12 August 2026.",ZL,2026-08-12,1
3175,3175-order1,b2a_structure,TRUE,FALSE,FALSE,FALSE,"route only, not an express treatment: p.1 para 2 (blanket clause)",,"INCORPORATED. Reached only by the blanket clause and not named anywhere in the order's own text. Incorporated scope is the whole of Rule 16.1, since the preceding sentence identifies the conference as one 'under Federal Rule of Civil Procedure 16.1' and the report must address 'each of the matters listed in the rule.' This is the row type that the old single binary got wrong; see AUDIT.md, 12 August 2026.",ZL,2026-08-12,1
3175,3175-order1,b2a_selection_procedure,TRUE,FALSE,FALSE,FALSE,"route only, not an express treatment: p.1 para 2 (blanket clause)",,"INCORPORATED. Reached only by the blanket clause and not named anywhere in the order's own text. Incorporated scope is the whole of Rule 16.1, since the preceding sentence identifies the conference as one 'under Federal Rule of Civil Procedure 16.1' and the report must address 'each of the matters listed in the rule.' This is the row type that the old single binary got wrong; see AUDIT.md, 12 August 2026.",ZL,2026-08-12,1
3175,3175-order1,b2a_periodic_review,TRUE,FALSE,FALSE,FALSE,"route only, not an express treatment: p.1 para 2 (blanket clause)",,"INCORPORATED. Reached only by the blanket clause and not named anywhere in the order's own text. Incorporated scope is the whole of Rule 16.1, since the preceding sentence identifies the conference as one 'under Federal Rule of Civil Procedure 16.1' and the report must address 'each of the matters listed in the rule.' This is the row type that the old single binary got wrong; see AUDIT.md, 12 August 2026.",ZL,2026-08-12,1
3175,3175-order1,b2a_responsibilities,TRUE,FALSE,FALSE,FALSE,"route only, not an express treatment: p.1 para 2 (blanket clause)",,"INCORPORATED. Reached only by the blanket clause and not named anywhere in the order's own text. Incorporated scope is the whole of Rule 16.1, since the preceding sentence identifies the conference as one 'under Federal Rule of Civil Procedure 16.1' and the report must address 'each of the matters listed in the rule.' This is the row type that the old single binary got wrong; see AUDIT.md, 12 August 2026.",ZL,2026-08-12,1
3175,3175-order1,b2a_communication,TRUE,FALSE,FALSE,FALSE,"route only, not an express treatment: p.1 para 2 (blanket clause)",,"INCORPORATED. Reached only by the blanket clause and not named anywhere in the order's own text. Incorporated scope is the whole of Rule 16.1, since the preceding sentence identifies the conference as one 'under Federal Rule of Civil Procedure 16.1' and the report must address 'each of the matters listed in the rule.' This is the row type that the old single binary got wrong; see AUDIT.md, 12 August 2026.",ZL,2026-08-12,1
3175,3175-order1,b2a_nonleadership_limits,TRUE,FALSE,FALSE,FALSE,"route only, not an express treatment: p.1 para 2 (blanket clause)",,"INCORPORATED. Reached only by the blanket clause and not named anywhere in the order's own text. Incorporated scope is the whole of Rule 16.1, since the preceding sentence identifies the conference as one 'under Federal Rule of Civil Procedure 16.1' and the report must address 'each of the matters listed in the rule.' This is the row type that the old single binary got wrong; see AUDIT.md, 12 August 2026.",ZL,2026-08-12,1
3175,3175-order1,b2a_compensation,TRUE,FALSE,FALSE,FALSE,"route only, not an express treatment: p.1 para 2 (blanket clause)",,"INCORPORATED. Reached only by the blanket clause and not named anywhere in the order's own text. Incorporated scope is the whole of Rule 16.1, since the preceding sentence identifies the conference as one 'under Federal Rule of Civil Procedure 16.1' and the report must address 'each of the matters listed in the rule.' This is the row type that the old single binary got wrong; see AUDIT.md, 12 August 2026.",ZL,2026-08-12,1
3175,3175-order1,b2b_vacate_modify,TRUE,FALSE,FALSE,FALSE,"route only, not an express treatment: p.1 para 2 (blanket clause)",,"INCORPORATED. Reached only by the blanket clause and not named anywhere in the order's own text. Incorporated scope is the whole of Rule 16.1, since the preceding sentence identifies the conference as one 'under Federal Rule of Civil Procedure 16.1' and the report must address 'each of the matters listed in the rule.' This is the row type that the old single binary got wrong; see AUDIT.md, 12 August 2026.",ZL,2026-08-12,1
3175,3175-order1,b2c_conference_schedule,TRUE,FALSE,FALSE,FALSE,"route only, not an express treatment: p.1 para 2 (blanket clause)",,"INCORPORATED. Reached only by the blanket clause and not named anywhere in the order's own text. Incorporated scope is the whole of Rule 16.1, since the preceding sentence identifies the conference as one 'under Federal Rule of Civil Procedure 16.1' and the report must address 'each of the matters listed in the rule.' This is the row type that the old single binary got wrong; see AUDIT.md, 12 August 2026.",ZL,2026-08-12,1
3175,3175-order1,b2d_direct_filing,TRUE,TRUE,FALSE,TRUE,p.1 para 1,"Case no. 25-cv-1016-jdp was not included in the transfer order, but it did not have to be because it was filed directly in this court. See J.P.M.L R. 7.2(a). … The clerk of court is directed to add Case no. 25 cv-1016-jdp as a member case because it includes common questions of fact with the other cases.","RESOLVED but not DIRECTED, which the partial order permits. The court identifies a case filed directly in this court, states why the transfer order did not need to reach it, and directs the clerk to add it as a member case. That is an operative determination of how one directly filed action is handled, and the parties cannot alter it through the joint report. party_direction is FALSE because the instruction runs to the clerk, not to the parties. This is the only Rule 16.1 subject this order decides.",ZL,2026-08-12,1
3175,3175-order1,b2e_related_actions,TRUE,FALSE,FALSE,FALSE,"route only, not an express treatment: p.1 para 2 (blanket clause)",,"INCORPORATED. Reached only by the blanket clause and not named anywhere in the order's own text. Incorporated scope is the whole of Rule 16.1, since the preceding sentence identifies the conference as one 'under Federal Rule of Civil Procedure 16.1' and the report must address 'each of the matters listed in the rule.' This is the row type that the old single binary got wrong; see AUDIT.md, 12 August 2026. Adjacent provision considered and rejected: the order directs the parties to report on 'related investigations by the U.S. Department of Justice and other government bodies.' Investigations are not actions filed in other courts, so that direction is a beyond-Rule item rather than a treatment of (b)(2)(E). It parallels MDL 3162 para 5(p), the criminal-investigations item.",ZL,2026-08-12,1
3175,3175-order1,b3a_consolidated_pleadings,TRUE,FALSE,FALSE,FALSE,"route only, not an express treatment: p.1 para 2 (blanket clause)",,"INCORPORATED. Reached only by the blanket clause and not named anywhere in the order's own text. Incorporated scope is the whole of Rule 16.1, since the preceding sentence identifies the conference as one 'under Federal Rule of Civil Procedure 16.1' and the report must address 'each of the matters listed in the rule.' This is the row type that the old single binary got wrong; see AUDIT.md, 12 August 2026.",ZL,2026-08-12,1
3175,3175-order1,b3b_factual_basis_exchange,TRUE,FALSE,FALSE,FALSE,"route only, not an express treatment: p.1 para 2 (blanket clause)",,"INCORPORATED. Reached only by the blanket clause and not named anywhere in the order's own text. Incorporated scope is the whole of Rule 16.1, since the preceding sentence identifies the conference as one 'under Federal Rule of Civil Procedure 16.1' and the report must address 'each of the matters listed in the rule.' This is the row type that the old single binary got wrong; see AUDIT.md, 12 August 2026.",ZL,2026-08-12,1
3175,3175-order1,b3c_discovery,TRUE,FALSE,FALSE,FALSE,"route only, not an express treatment: p.1 para 2 (blanket clause)",,"INCORPORATED. Reached only by the blanket clause and not named anywhere in the order's own text. Incorporated scope is the whole of Rule 16.1, since the preceding sentence identifies the conference as one 'under Federal Rule of Civil Procedure 16.1' and the report must address 'each of the matters listed in the rule.' This is the row type that the old single binary got wrong; see AUDIT.md, 12 August 2026.",ZL,2026-08-12,1
3175,3175-order1,b3d_pretrial_motions,TRUE,FALSE,FALSE,FALSE,"route only, not an express treatment: p.1 para 2 (blanket clause)",,"INCORPORATED. Reached only by the blanket clause and not named anywhere in the order's own text. Incorporated scope is the whole of Rule 16.1, since the preceding sentence identifies the conference as one 'under Federal Rule of Civil Procedure 16.1' and the report must address 'each of the matters listed in the rule.' This is the row type that the old single binary got wrong; see AUDIT.md, 12 August 2026.",ZL,2026-08-12,1
3175,3175-order1,b3e_settlement_facilitation,TRUE,FALSE,FALSE,FALSE,"route only, not an express treatment: p.1 para 2 (blanket clause)",,"INCORPORATED. Reached only by the blanket clause and not named anywhere in the order's own text. Incorporated scope is the whole of Rule 16.1, since the preceding sentence identifies the conference as one 'under Federal Rule of Civil Procedure 16.1' and the report must address 'each of the matters listed in the rule.' This is the row type that the old single binary got wrong; see AUDIT.md, 12 August 2026.",ZL,2026-08-12,1
3175,3175-order1,b3f_magistrate_master,TRUE,FALSE,FALSE,FALSE,"route only, not an express treatment: p.1 para 2 (blanket clause)",,"INCORPORATED. Reached only by the blanket clause and not named anywhere in the order's own text. Incorporated scope is the whole of Rule 16.1, since the preceding sentence identifies the conference as one 'under Federal Rule of Civil Procedure 16.1' and the report must address 'each of the matters listed in the rule.' This is the row type that the old single binary got wrong; see AUDIT.md, 12 August 2026.",ZL,2026-08-12,1
3175,3175-order1,b3g_principal_issues,TRUE,FALSE,FALSE,FALSE,"route only, not an express treatment: p.1 para 2 (blanket clause)",,"INCORPORATED. Reached only by the blanket clause and not named anywhere in the order's own text. Incorporated scope is the whole of Rule 16.1, since the preceding sentence identifies the conference as one 'under Federal Rule of Civil Procedure 16.1' and the report must address 'each of the matters listed in the rule.' This is the row type that the old single binary got wrong; see AUDIT.md, 12 August 2026.",ZL,2026-08-12,1
3178,3178-order1,b2a_leadership,TRUE,TRUE,TRUE,FALSE,item 2,"The parties’ views on the appropriate next steps in these cases (e.g., schedule for motions and discovery, lead counsel selection);","Two words inside a parenthetical example: 'lead counsel selection.' That is the whole of this order's treatment of leadership, and it is the thinnest express treatment in the set. No commitment to appoint, no application process, no deadline, so no resolution.",ZL,2026-08-12,1
3178,3178-order1,b2a_timing,FALSE,FALSE,FALSE,FALSE,,,"Not raised, and no incorporation clause sweeps it in.",ZL,2026-08-12,1
3178,3178-order1,b2a_structure,FALSE,FALSE,FALSE,FALSE,,,"Not raised, and no incorporation clause sweeps it in.",ZL,2026-08-12,1
3178,3178-order1,b2a_selection_procedure,TRUE,TRUE,TRUE,FALSE,item 2,"The parties’ views on the appropriate next steps in these cases (e.g., schedule for motions and discovery, lead counsel selection);","Coded from the same parenthetical, which names selection specifically. No procedure is prescribed.",ZL,2026-08-12,1
3178,3178-order1,b2a_periodic_review,FALSE,FALSE,FALSE,FALSE,,,"Not raised, and no incorporation clause sweeps it in.",ZL,2026-08-12,1
3178,3178-order1,b2a_responsibilities,FALSE,FALSE,FALSE,FALSE,,,"Not raised, and no incorporation clause sweeps it in.",ZL,2026-08-12,1
3178,3178-order1,b2a_communication,FALSE,FALSE,FALSE,FALSE,,,"Not raised, and no incorporation clause sweeps it in.",ZL,2026-08-12,1
3178,3178-order1,b2a_nonleadership_limits,FALSE,FALSE,FALSE,FALSE,,,"Not raised, and no incorporation clause sweeps it in.",ZL,2026-08-12,1
3178,3178-order1,b2a_compensation,FALSE,FALSE,FALSE,FALSE,,,"Not raised, and no incorporation clause sweeps it in.",ZL,2026-08-12,1
3178,3178-order1,b2b_vacate_modify,FALSE,FALSE,FALSE,FALSE,,,"Not raised, and no incorporation clause sweeps it in.",ZL,2026-08-12,1
3178,3178-order1,b2c_conference_schedule,FALSE,FALSE,FALSE,FALSE,,,"Not raised. Item 3 asks for 'The parties' availability for a hearing in early May,' which concerns the initial conference, not the 'additional' conferences (b)(2)(C) addresses.",ZL,2026-08-12,1
3178,3178-order1,b2d_direct_filing,FALSE,FALSE,FALSE,FALSE,,,"Not raised, and no incorporation clause sweeps it in.",ZL,2026-08-12,1
3178,3178-order1,b2e_related_actions,FALSE,FALSE,FALSE,FALSE,,,"Not raised, and no incorporation clause sweeps it in.",ZL,2026-08-12,1
3178,3178-order1,b3a_consolidated_pleadings,FALSE,FALSE,FALSE,FALSE,,,"Not raised, and no incorporation clause sweeps it in.",ZL,2026-08-12,1
3178,3178-order1,b3b_factual_basis_exchange,FALSE,FALSE,FALSE,FALSE,,,"Not raised, and no incorporation clause sweeps it in.",ZL,2026-08-12,1
3178,3178-order1,b3c_discovery,TRUE,TRUE,TRUE,TRUE,item 2; final paragraph,"The parties’ views on the appropriate next steps in these cases (e.g., schedule for motions and discovery, lead counsel selection); … Separately, defendant ByHeart, Inc.’s motion for discovery, Dkt. 2, is GRANTED. Dairy Farmers of America should produce the samples and requested documents on or before April 20, 2026.","The only resolution in this order, and it runs the opposite way from every other order in the set. Elsewhere courts STAY discovery at the outset; here the court ORDERS PRODUCTION of samples and documents on a nine-day deadline, in the same breath as it asks the parties how discovery should be scheduled. The order arises from an emergency motion to compel that followed the cases from D. Nev. and S.D. Tex.",ZL,2026-08-12,1
3178,3178-order1,b3d_pretrial_motions,TRUE,TRUE,TRUE,FALSE,item 2,"The parties’ views on the appropriate next steps in these cases (e.g., schedule for motions and discovery, lead counsel selection);","Express only through 'schedule for motions' in the parenthetical. The grant of Dkt. 2 is not coded as resolution here: under application rule R3 its operative subject matter is discovery, not the identification or scheduling of likely pretrial motions, and it is coded at b3c_discovery.",ZL,2026-08-12,1
3178,3178-order1,b3e_settlement_facilitation,FALSE,FALSE,FALSE,FALSE,,,"Not raised, and no incorporation clause sweeps it in.",ZL,2026-08-12,1
3178,3178-order1,b3f_magistrate_master,FALSE,FALSE,FALSE,FALSE,,,"Not raised, and no incorporation clause sweeps it in.",ZL,2026-08-12,1
3178,3178-order1,b3g_principal_issues,TRUE,TRUE,TRUE,FALSE,item 1,"A brief, non-argumentative summary of the member cases;","Coarser than the Rule's item, in the same way as MDL 3167 ¶ 3.a, and coded express on the same basis. 'Non-argumentative' is unique in the set: no other order tells counsel how to write the substance of their submission.",ZL,2026-08-12,1
3179,3179-order1,b2a_leadership,TRUE,TRUE,TRUE,TRUE,p.1 para 1,"Counsel for each of the plaintiffs shall confer regarding the selection of lead and liaison counsel. In the event counsel for the plaintiffs are unable to reach agreement, counsel for each of the plaintiffs shall submit a status report regarding the selection of lead and liaison counsel for the plaintiffs no later than three days before the status conference.","Conditional resolution, codebook test case 4, now verified against the full text: the codebook quoted this passage as ending 'no later than three da[ys]' from a truncated source, and it reads 'no later than three days before the status conference.' Agreement among plaintiffs' counsel extinguishes the report; disagreement triggers competing submissions. Either branch is set by the order. Plaintiffs' side only, and the order presupposes that lead and liaison counsel will exist.",ZL,2026-08-12,1
3179,3179-order1,b2a_timing,FALSE,FALSE,FALSE,FALSE,,,"Not raised. The conditional status report is due three days before a status conference whose date is not yet fixed, so unlike MDL 3185 no appointment process runs on a stated calendar. Coding rule applied across pass 1: b2a_timing is express only where the order states when appointments will be made or places the appointment process on a fixed calendar.",ZL,2026-08-12,1
3179,3179-order1,b2a_structure,TRUE,TRUE,TRUE,FALSE,p.1 para 1,Counsel for each of the plaintiffs shall confer regarding the selection of lead and liaison counsel.,"Express only by naming two roles, lead and liaison counsel, with no use of the word structure and no committee contemplated. Coded FALSE on resolution under the instruction to undercount: the order presupposes the two roles but the parties remain free to propose otherwise.",ZL,2026-08-12,1
3179,3179-order1,b2a_selection_procedure,TRUE,TRUE,TRUE,TRUE,p.1 para 1,"Counsel for each of the plaintiffs shall confer regarding the selection of lead and liaison counsel. In the event counsel for the plaintiffs are unable to reach agreement, counsel for each of the plaintiffs shall submit a status report regarding the selection of lead and liaison counsel for the plaintiffs no later than three days before the status conference.","The procedure is confer-first, submit-only-on-disagreement, which is the inverse default from MDLs 3166, 3171, and 3181, where individual applications are required of everyone from the outset. MDL 3185 uses the same confer-first default. No criteria, format, or page limits.",ZL,2026-08-12,1
3179,3179-order1,b2a_periodic_review,FALSE,FALSE,FALSE,FALSE,,,"Not raised, and no incorporation clause sweeps it in. This is a one-page order of 1,995 characters, the shortest in the coded set.",ZL,2026-08-12,1
3179,3179-order1,b2a_responsibilities,FALSE,FALSE,FALSE,FALSE,,,"Not raised, and no incorporation clause sweeps it in. This is a one-page order of 1,995 characters, the shortest in the coded set.",ZL,2026-08-12,1
3179,3179-order1,b2a_communication,FALSE,FALSE,FALSE,FALSE,,,"Not raised, and no incorporation clause sweeps it in. This is a one-page order of 1,995 characters, the shortest in the coded set.",ZL,2026-08-12,1
3179,3179-order1,b2a_nonleadership_limits,FALSE,FALSE,FALSE,FALSE,,,"Not raised, and no incorporation clause sweeps it in. This is a one-page order of 1,995 characters, the shortest in the coded set.",ZL,2026-08-12,1
3179,3179-order1,b2a_compensation,FALSE,FALSE,FALSE,FALSE,,,"Not raised, and no incorporation clause sweeps it in. This is a one-page order of 1,995 characters, the shortest in the coded set.",ZL,2026-08-12,1
3179,3179-order1,b2b_vacate_modify,FALSE,FALSE,FALSE,FALSE,,,"Not raised, and no incorporation clause sweeps it in. This is a one-page order of 1,995 characters, the shortest in the coded set.",ZL,2026-08-12,1
3179,3179-order1,b2c_conference_schedule,TRUE,TRUE,FALSE,FALSE,p.1 para 1,"At this preliminary conference, the court will direct the parties, if they have not already done so, to confer with one another about what such a plan should include and set a date for a hearing, if necessary, to finalize the case management plan.","IDENTIFIED. A further hearing beyond the initial telephone conference is contemplated in the order's own words, which is more than MDLs 3162, 3166, 3171, and 3174 offer on this subject. Nothing is asked of the parties about it and nothing is set. The April 24 direction to submit three available dates concerns the initial conference, which is the Rule 16.1(a) conference, not the 'additional' conferences (b)(2)(C) addresses.",ZL,2026-08-12,1
3179,3179-order1,b2d_direct_filing,FALSE,FALSE,FALSE,FALSE,,,"Not raised, and no incorporation clause sweeps it in. This is a one-page order of 1,995 characters, the shortest in the coded set.",ZL,2026-08-12,1
3179,3179-order1,b2e_related_actions,FALSE,FALSE,FALSE,FALSE,,,"Not raised, and no incorporation clause sweeps it in. This is a one-page order of 1,995 characters, the shortest in the coded set.",ZL,2026-08-12,1
3179,3179-order1,b3a_consolidated_pleadings,FALSE,FALSE,FALSE,FALSE,,,"Not raised, and no incorporation clause sweeps it in. This is a one-page order of 1,995 characters, the shortest in the coded set.",ZL,2026-08-12,1
3179,3179-order1,b3b_factual_basis_exchange,FALSE,FALSE,FALSE,FALSE,,,"Not raised, and no incorporation clause sweeps it in. This is a one-page order of 1,995 characters, the shortest in the coded set.",ZL,2026-08-12,1
3179,3179-order1,b3c_discovery,FALSE,FALSE,FALSE,FALSE,,,"Not raised, and no incorporation clause sweeps it in. This is a one-page order of 1,995 characters, the shortest in the coded set.",ZL,2026-08-12,1
3179,3179-order1,b3d_pretrial_motions,FALSE,FALSE,FALSE,FALSE,,,"Not raised. 'Jurisdictional issues that need prompt consideration' names an issue category rather than a motion, and is coded at b3g_principal_issues under application rule R3.",ZL,2026-08-12,1
3179,3179-order1,b3e_settlement_facilitation,FALSE,FALSE,FALSE,FALSE,,,Not raised. See the note at b3g_principal_issues on why the Rule 1 language is not coded here.,ZL,2026-08-12,1
3179,3179-order1,b3f_magistrate_master,FALSE,FALSE,FALSE,FALSE,,,"Not raised, and no incorporation clause sweeps it in. This is a one-page order of 1,995 characters, the shortest in the coded set.",ZL,2026-08-12,1
3179,3179-order1,b3g_principal_issues,TRUE,TRUE,FALSE,FALSE,p.1 para 1,"the Court intends to conduct a telephone conference to preliminarily discuss counsel’s general view of whether there are any jurisdictional issues that need prompt consideration and how the court should proceed to secure the just, speedy, and inexpensive determination of the cases, to the extent possible.","IDENTIFIED under application rule R4: this is what the court intends to discuss, not something the parties are told to submit. Jurisdictional issues are the only issue category the order names. The trailing clause echoes Rule 1's 'just, speedy, and inexpensive determination' and is deliberately NOT coded at b3e_settlement_facilitation, which concerns measures to facilitate resolving actions rather than the general conduct of the litigation.",ZL,2026-08-12,1
3180,3180-order1,b2a_leadership,TRUE,TRUE,TRUE,FALSE,¶ 5(a),"whether leadership counsel (for plaintiffs or defendants) should be appointed and, if so:","Identical to MDL 3162 ¶ 5(a), including the broadening of the Rule's chapeau to name both sides. No appointment is made. Unlike MDL 3162, this order contains no local-rule waiver bearing on class counsel, because the paragraph that carried it was deleted; see note_on_reach.",ZL,2026-08-12,1
3180,3180-order1,b2a_timing,TRUE,TRUE,TRUE,FALSE,¶ 5(a)(i),the timing of the appointments;,"Verbatim Rule 16.1(b)(2)(A)(i), identical to MDL 3162.",ZL,2026-08-12,1
3180,3180-order1,b2a_structure,TRUE,TRUE,TRUE,FALSE,¶ 5(a)(ii),the structure of leadership counsel;,"Verbatim Rule 16.1(b)(2)(A)(ii), identical to MDL 3162.",ZL,2026-08-12,1
3180,3180-order1,b2a_selection_procedure,TRUE,TRUE,TRUE,FALSE,¶ 5(a)(iii),the procedure for selecting leadership and whether the appointments should be reviewed periodically;,"Verbatim Rule 16.1(b)(2)(A)(iii), identical to MDL 3162. No criteria, format, or deadline prescribed.",ZL,2026-08-12,1
3180,3180-order1,b2a_periodic_review,TRUE,TRUE,TRUE,FALSE,¶ 5(a)(iii),the procedure for selecting leadership and whether the appointments should be reviewed periodically;,"Second half of the (b)(2)(A)(iii) clause, coded from the same sentence as b2a_selection_procedure.",ZL,2026-08-12,1
3180,3180-order1,b2a_responsibilities,TRUE,TRUE,TRUE,FALSE,¶ 5(a)(iv),their responsibilities and authority in conducting pretrial activities and any role in facilitating resolution of the MDL proceedings;,"Verbatim Rule 16.1(b)(2)(A)(iv), identical to MDL 3162.",ZL,2026-08-12,1
3180,3180-order1,b2a_communication,TRUE,TRUE,TRUE,FALSE,¶ 5(a)(v),the proposed methods for regularly communicating with and reporting to the Court and nonleadership counsel;,Rule 16.1(b)(2)(A)(v) with 'court' capitalised. MDL 3162 ¶ 5(a)(v) uses lower case. One of several one-character divergences between the two copies of this form order.,ZL,2026-08-12,1
3180,3180-order1,b2a_nonleadership_limits,TRUE,TRUE,TRUE,FALSE,¶ 5(a)(vi),any limits on activity by nonleadership counsel; and,"Verbatim Rule 16.1(b)(2)(A)(vi), identical to MDL 3162.",ZL,2026-08-12,1
3180,3180-order1,b2a_compensation,TRUE,TRUE,TRUE,FALSE,¶ 5(a)(vii),whether and when to establish a means for compensating plaintiffs’ leadership counsel;,"Carries MDL 3162's narrowing verbatim: the Rule says 'leadership counsel,' this says 'plaintiffs' leadership counsel,' while the chapeau at ¶ 5(a) broadens to both sides. The same internal inconsistency travelled from D.D.C. to D.N.J. intact.",ZL,2026-08-12,1
3180,3180-order1,b2b_vacate_modify,TRUE,TRUE,TRUE,TRUE,¶ 5(b); ¶ 13,"any previously entered scheduling or other orders that should be vacated or modified; … Unless modified by this Court, any orders, including protective orders, previously entered by any transferor district court shall remain in full force and effect.","Resolution by continuation, codebook test case 3, and the paragraph is word for word MDL 3162 ¶ 13.",ZL,2026-08-12,1
3180,3180-order1,b2c_conference_schedule,TRUE,TRUE,TRUE,FALSE,¶ 5(c),a schedule for additional management conferences with the Court;,"¶ 2 sets the Initial Management Conference for October 1, 2026, which is the Rule 16.1(a) conference, not the 'additional' conferences (b)(2)(C) addresses. ¶ 6 sets a November 1 deadline for a proposed initial management order, a filing deadline rather than a conference.",ZL,2026-08-12,1
3180,3180-order1,b2d_direct_filing,TRUE,TRUE,TRUE,TRUE,¶ 5(d); ¶ 1; ¶ 18,"any views on managing the direct filing of new actions in the MDL proceedings, in light of Section 1, above; … Any “tag-along actions” filed in, removed to, or transferred to this Court shall be automatically consolidated with this action for pretrial purposes without the necessity of future motions or orders.","Both attributes, as in MDL 3162. Two divergences from the D.D.C. copy: the cross-reference reads 'in light of Section 1, above' where Bates writes 'in light of Section 1 supra,' and ¶ 1 adds 'for pretrial purposes' to the automatic-consolidation clause. Objection runs by motion within ten days or at the conference.",ZL,2026-08-12,1
3180,3180-order1,b2e_related_actions,TRUE,TRUE,TRUE,FALSE,¶ 5(e),"whether related actions have been—or are expected to be—filed in other courts, and whether to adopt methods for coordinating with them;","THE EM DASH FINGERPRINT, CONFIRMED. The Rule itself reads 'are expected to—be filed.' This order reads 'are expected to be—filed,' the same regularisation as MDL 3162 ¶ 5(e), and against the faithful transcription in MDLs 3170 and 3174. The punctuation travels with the form order. No coordination mechanism is established.",ZL,2026-08-12,1
3180,3180-order1,b3a_consolidated_pleadings,TRUE,TRUE,TRUE,FALSE,¶ 5(f),whether consolidated pleadings should be prepared;,"¶ 11 stays defendants' obligation to answer or otherwise respond, which fixes responsive-pleading timing but does not determine whether consolidated pleadings will be prepared.",ZL,2026-08-12,1
3180,3180-order1,b3b_factual_basis_exchange,TRUE,TRUE,TRUE,TRUE,¶ 5(g); ¶ 12,"how and when the parties will exchange information about the factual bases for their claims and defenses, including whether the parties should stipulate to dispense with the initial disclosures required by Rule 26(a)(1) of the Federal Rules of Civil Procedure … All discovery proceedings in these actions are stayed until further order of the Court, and the time requirements to perform any acts or file any papers pursuant to Rules 26 through 37 of the Federal Rules of Civil Procedure are tolled until such time as a discovery schedule is established by order of the Court.","Partial resolution under application rule R1: ¶ 5(g) expressly ties this subject to Rule 26(a)(1) and ¶ 12 tolls the timing of Rules 26 through 37, so the report alone cannot restart the clock. Identical structure to MDL 3162.",ZL,2026-08-12,1
3180,3180-order1,b3c_discovery,TRUE,TRUE,TRUE,TRUE,¶ 5(h); ¶ 12,"discovery procedures and timing, including: … whether discovery should be managed in phases, and if so, a specific proposal for such management; … iv. any difficult discovery-related issues that may arise. … All discovery proceedings in these actions are stayed until further order of the Court, and the time requirements to perform any acts or file any papers pursuant to Rules 26 through 37 of the Federal Rules of Civil Procedure are tolled until such time as a discovery schedule is established by order of the Court.","Both attributes, matching codebook test case 2. ONE SUBSTANTIVE ADDITION over MDL 3162: sub-item ii asks 'whether any protective or confidentiality orders are appropriate,' where the D.D.C. copy says only 'whether any protective orders are appropriate.'",ZL,2026-08-12,1
3180,3180-order1,b3d_pretrial_motions,TRUE,TRUE,TRUE,TRUE,¶ 5(i); ¶ 11,"any likely pretrial motions; and, if so, dates for filing such motions and/or cross-motions, oppositions, and replies; … Defendants’ obligations to answer or otherwise respond to the initial complaints filed in these actions shall remain stayed pending the Initial Management Conference and further order of the Court.","Resolution under application rule R2, but on a NARROWER basis than MDL 3162. Bates fires R2 twice, at ¶ 9 (class certification motions only on further order, Local Civil Rule 23.1(b) waived) and ¶ 11 (answer or otherwise respond, which reaches Rule 12 motions). This order has no ¶ 9 at all, so only the answer-deadline stay applies and nothing fixes class certification timing. ¶ 10 (no hearings absent order) and ¶ 14 (administrative termination of motions on member dockets) govern mechanics and are not the basis for this coding.",ZL,2026-08-12,1
3180,3180-order1,b3e_settlement_facilitation,TRUE,TRUE,TRUE,FALSE,¶ 5(j),whether the Court should consider any measures to facilitate resolving some or all actions before the Court;,"Verbatim Rule 16.1(b)(3)(E) with 'court' capitalised. No settlement mechanism, mediator, or referral is established.",ZL,2026-08-12,1
3180,3180-order1,b3f_magistrate_master,TRUE,TRUE,TRUE,FALSE,¶ 5(k),whether any matters should be referred to a magistrate judge or a special master;,"DIVERGENCE FROM BOTH THE RULE AND THE D.D.C. COPY: Rule 16.1(b)(3)(F) and MDL 3162 ¶ 5(k) both read 'a magistrate judge or a master.' This order says 'a special master,' which is narrower. No referral is made, though ¶ 2 notes the Initial Management Conference will be conducted before the district judge and Magistrate Judge J. Brendan Day.",ZL,2026-08-12,1
3180,3180-order1,b3g_principal_issues,TRUE,TRUE,TRUE,FALSE,¶ 5(l),the principal factual and legal issues likely to be presented;,"Verbatim Rule 16.1(b)(3)(G), identical to MDL 3162.",ZL,2026-08-12,1
3181,3181-order1,b2a_leadership,TRUE,TRUE,TRUE,TRUE,¶ 1.a; ¶ 2; ¶ 4; ¶ 4.a,"The Court envisions appointing one or more counsel as Plaintiffs' Lead Counsel. … Applications for Plaintiffs' Lead/Liaison Counsel positions must be filed on or before July 24, 2026. … The Court designates the following Plaintiff's counsel to arrange initial conferences of Plaintiffs' counsel and to coordinate the preparation and filing of any reports called for in this Order: Behram V. Parekh, Wisner Baum LLP and Trevor B. Rockstad, Davis and Crump PC.","THE ONLY ORDER IN THE CODED SET THAT NAMES INDIVIDUAL COUNSEL. ¶ 2 designates two attorneys by name to convene plaintiffs' counsel and coordinate the required filings, and expressly insulates that from the leadership contest: 'This designation will not have any impact on the Court's ultimate selection of Lead or Liaison Counsel.' Under application rule R7 'Designated Counsel' is not a leadership title, so ¶ 2 is not the basis for this coding. Resolution rests instead on ¶ 4 and ¶ 4.a, which require applications by a fixed date and commit the court to appointing, exactly as in MDLs 3166 and 3171. Plaintiffs' side only.",ZL,2026-08-12,1
3181,3181-order1,b2a_timing,TRUE,TRUE,TRUE,TRUE,¶ 4; ¶ 4.d,"Applications for Plaintiffs' Lead/Liaison Counsel positions must be filed on or before July 24, 2026. … At the initial scheduling conference set for August 5, 2026 at 10:30 a.m., an applicant may speak for up to five minutes in support of his or her application.","Express under application rule R6: the appointment process runs on a fixed calendar, applications by July 24 and argument on August 5. No appointment date is stated.",ZL,2026-08-12,1
3181,3181-order1,b2a_structure,TRUE,TRUE,TRUE,FALSE,¶ 1.a; ¶ 3.a.i,"A statement on counsel's position(s) on the organizational structure of Plaintiff's counsel the Court should adopt for this case, including the proposed structure and responsibilities for Lead Counsel, any Liaison Counsel, or any steering committees.","A dedicated five-page report on structure alone, separate from the twenty-five-page preliminary joint report, which is unique in the set. Nothing is fixed: ¶ 4.c.iv still contemplates that the Court may 'opt[] to appoint both Lead Counsel and Liaison Counsel,' leaving the question open.",ZL,2026-08-12,1
3181,3181-order1,b2a_selection_procedure,TRUE,TRUE,TRUE,TRUE,¶ 4.b; ¶ 4.c; ¶ 4.d,"The main criteria for these appointments are: (1) knowledge and experience in prosecuting complex litigation, including class actions and other MDL actions, (2) willingness and ability to immediately commit to time-consuming litigation, (3) ability to work cooperatively with others, and (4) access to sufficient resources to prosecute the litigation in a timely manner. … The Court requires individual applications for a Lead Counsel position. Applications must include: i. A resume no longer than two pages ii. A letter no longer than three pages (single-spaced)","CODEBOOK TEST CASE 1, now verified verbatim; the codebook carried it as a paraphrase. Four criteria, a two-page resume, a three-page single-spaced letter, and five minutes of argument, all fixed by the order. Two elements no other order has: ¶ 4.c.ii.4 requires applicants to state their fee expectations, and ¶ 4.c.iv requires them to say whether they would accept Liaison Counsel if not appointed Lead.",ZL,2026-08-12,1
3181,3181-order1,b2a_periodic_review,FALSE,FALSE,FALSE,FALSE,,,"Not raised, and no incorporation clause sweeps it in.",ZL,2026-08-12,1
3181,3181-order1,b2a_responsibilities,TRUE,TRUE,TRUE,TRUE,¶ 3.a.i; ¶ 4.a,"Plaintiffs' Lead Counsel shall be generally responsible for coordinating the activities of plaintiffs during pretrial proceedings, and they are charged with formulating (in consultation with other counsel) and presenting positions on core substantive and procedural issues during the litigation. Plaintiffs' Lead Counsel will act for the group—either personally or by coordinating the efforts of others—in presenting written and oral arguments and suggestions to the court, working with opposing counsel in developing and implementing a litigation plan, initiating and organizing discovery requests and responses, conducting the principal examination of deponents, employing experts, and arranging for support services.","The fullest statement of leadership responsibilities in the set, and it is operative rather than an agenda item: 'shall be generally responsible,' 'are charged with,' 'will act for the group.' The parties cannot rewrite it in their reports, so resolution fires alongside the direction at ¶ 3.a.i. The language closely tracks the Manual for Complex Litigation, Fourth, § 10.221, which matters because ¶ 1.e directs counsel to be familiar with the Manual and the order never cites Rule 16.1.",ZL,2026-08-12,1
3181,3181-order1,b2a_communication,FALSE,FALSE,FALSE,FALSE,,,"Not raised. Adjacent language considered and rejected under application rule R3: ¶ 4.a describes Lead Counsel formulating positions 'in consultation with other counsel' and 'presenting written and oral arguments and suggestions to the court,' but that paragraph is about the role's functions, not about establishing methods for regularly communicating with and reporting to the court and nonleadership counsel. ¶ 1.a's 'frequency of regular status conferences' is coded at b2c_conference_schedule.",ZL,2026-08-12,1
3181,3181-order1,b2a_nonleadership_limits,FALSE,FALSE,FALSE,FALSE,,,"Not raised. Two adjacent provisions considered and rejected. ¶ 4.a's 'Plaintiffs' Lead Counsel will act for the group' concentrates functions in lead counsel but does not raise limits on nonleadership activity as a subject. ¶ 1.b's permission for parties with similar interests to agree on a single attorney at the conference is a voluntary economy, treated the same way as MDL 3166 ¶ 11 and MDL 3171 ¶ 12.",ZL,2026-08-12,1
3181,3181-order1,b2a_compensation,TRUE,TRUE,TRUE,TRUE,¶ 4.c.ii.4,"Attorney fee proposals, rates, and/or percentages that applicants expect to seek if the litigation succeeds in creating a common fund. The Court observes that it shall make the final determination as to the compensation and reimbursement of Plaintiffs' Counsel.","THE ONLY ORDER IN THE SET THAT MAKES FEE EXPECTATIONS PART OF THE LEADERSHIP APPLICATION. Partial resolution: no compensation means is established, but two things are fixed that no report can alter. Applicants must disclose expected rates and percentages at the application stage, and the court reserves the final determination on compensation and reimbursement to itself. Compare MDL 3163 Part IV.B.4, which raises a common benefit fund as a topic and fixes nothing, and MDL 3171 ¶ 8, which asks applicants to discuss a common benefit fund approach in a case plan.",ZL,2026-08-12,1
3181,3181-order1,b2b_vacate_modify,TRUE,TRUE,FALSE,TRUE,¶ 6.c,Orders of Transferor Courts. All orders by transferor courts imposing dates for pleading or discovery are vacated.,"RESOLVED but not DIRECTED. The strongest treatment of (b)(2)(B) in the set, and it completes a three-way contrast on one subject. MDLs 3162, 3166, and 3171 CONTINUE transferor-court orders in force until modified; MDL 3185 STAYS the deadlines they imposed; this order VACATES them outright. Nothing is asked of the parties about prior orders anywhere in the report content at ¶ 5.b, so party_direction is FALSE.",ZL,2026-08-12,1
3181,3181-order1,b2c_conference_schedule,TRUE,TRUE,FALSE,FALSE,¶ 1.a,"The Court intends to address the following issues at the initial scheduling conference: … (4) preliminary case management issues, including the frequency of regular status conferences,","IDENTIFIED under application rule R4: this is what the Court intends to address, and no item in the mandatory report content at ¶ 5.b covers conference scheduling. Nothing beyond the August 5 conference is set.",ZL,2026-08-12,1
3181,3181-order1,b2d_direct_filing,TRUE,TRUE,TRUE,TRUE,¶ 5.b.iii; ¶ 6.b.ii; ¶ 6.f,"Later Filed Cases. This Order shall also apply to related cases later filed in, removed to, or transferred to this Court. … A statement of counsel's view(s) on best practices for docket management in light of the estimated total number of cases (i.e., whether documents affecting all actions be filed only on the MDL docket, or also on the dockets of the individual actions).","Both attributes. ¶ 6.f fixes automatic application of this order to later-filed cases and ¶ 6.b.ii fixes the master-file filing rule, neither of which the report can change. What remains open, and is directed, is the docket-management practice for filings across member cases.",ZL,2026-08-12,1
3181,3181-order1,b2e_related_actions,TRUE,TRUE,TRUE,TRUE,¶ 1.c; ¶ 5.b.iii; ¶ 5.b.iv,A list of all known related cases pending in state or federal court and their current status. … An estimate of the total number of related cases counsel expect to be filed.,"Partial resolution on the same basis as MDLs 3163 and 3166: coordination methods are left open, but the court fixes how related-action information is gathered, in a single joint report of no more than twenty-five pages, prepared by defendants' counsel, due July 24. ¶ 1.c separately invites parties in related federal and state litigation to attend the conference, which no other order in the set does.",ZL,2026-08-12,1
3181,3181-order1,b3a_consolidated_pleadings,TRUE,TRUE,TRUE,FALSE,¶ 5.b.ii,"A statement of counsel's position(s) on the need for consolidated and/or master complaint(s), and/or short-form complaint(s) in this action.","Three pleading forms named where the Rule names one: consolidated, master, and short-form complaints. Short-form complaints are a products-liability mechanism the Rule does not mention. Nothing is fixed.",ZL,2026-08-12,1
3181,3181-order1,b3b_factual_basis_exchange,FALSE,FALSE,FALSE,FALSE,,,"Not raised, which is notable in a products liability MDL. No census, no plaintiff fact sheet, no initial-disclosures reference. ¶ 5.b.vii asks for a list of outstanding discovery, which is discovery status and is coded at b3c_discovery.",ZL,2026-08-12,1
3181,3181-order1,b3c_discovery,TRUE,TRUE,TRUE,TRUE,¶ 5.b.vii; ¶ 6.c; ¶ 6.d,"A list of all outstanding discovery. … Pending further order of this Court, all outstanding discovery proceedings are stayed, and no further discovery shall be initiated.","Both attributes. The stay is reinforced by ¶ 6.c, which vacates transferor-court orders imposing discovery dates, so the existing discovery calendar is not merely paused but removed. The Rule's 'difficult issues' language does not appear.",ZL,2026-08-12,1
3181,3181-order1,b3d_pretrial_motions,TRUE,TRUE,TRUE,TRUE,¶ 1.a; ¶ 5.b.ii; ¶ 5.b.v; ¶ 5.b.vi; ¶ 6.d,"A statement of counsel's position(s) on how the Court should address the pending motions to dismiss in the individual cases. … Except for motions for emergency relief, no motion shall be filed until and in accordance with the Scheduling Order. All pending motions must be renoticed for resolution once the Court sets a schedule for any such motions.","The strongest motion-practice restriction in the set: a general prohibition on filing any motion except for emergency relief until the Scheduling Order issues, plus mandatory renoticing, plus an extension of defendants' time to respond. Resolution under application rule R2 several times over. The report must separately list pending motions, adjudicated motions, and positions on the outstanding motions to dismiss.",ZL,2026-08-12,1
3181,3181-order1,b3e_settlement_facilitation,FALSE,FALSE,FALSE,FALSE,,,"Not raised. No settlement, mediation, ADR, or settlement master reference anywhere in the order. ¶ 5.b.ix concerns a Rule 53 special master and is coded at b3f_magistrate_master.",ZL,2026-08-12,1
3181,3181-order1,b3f_magistrate_master,TRUE,TRUE,TRUE,FALSE,¶ 5.b.ix,Counsel's position(s) on whether there is a need to appoint a special master pursuant to Federal Rule of Civil Procedure 53 or an independent scientific expert.,"Half of (b)(3)(F). The order asks about a special master, cites Rule 53 by number, and adds an independent scientific expert, which the Rule does not mention. It never asks about referral to a magistrate judge, even though the case is assigned to one. No appointment is made.",ZL,2026-08-12,1
3181,3181-order1,b3g_principal_issues,TRUE,TRUE,TRUE,FALSE,¶ 5.b.i,A statement of counsel's understanding of the facts and the key legal issues in this case. Counsel should underscore where facts and legal issues may materially differ between certain categories of cases. Any potentially dispositive issues should be separately identified.,"Richer than the Rule's item in two ways: it asks counsel to differentiate issues across categories of cases, and to flag potentially dispositive issues separately. 'Key legal issues' rather than the Rule's 'principal factual and legal issues.'",ZL,2026-08-12,1
3185,3185-order1,b2a_leadership,TRUE,TRUE,TRUE,TRUE,p.1 (in-person requirement); p.1 topic 1; p.2 (FURTHER ORDERED),"Counsel applying for leadership shall appear in person. … Plaintiffs’ counsel’s proposed leadership structure and related applications; … IT IS FURTHER ORDERED that, to the extent the parties do not reach consensus on the appointment of the plaintiffs’ lead counsel, steering committee, or liaison counsel, applications for such appointments shall be filed by June 23, 2026.","Conditional resolution, codebook test case 4. Consensus among the parties extinguishes the application process; failure to agree triggers applications due June 23. Either branch is set by the order rather than choosable by the parties' status reports. Plaintiffs' side only.",ZL,2026-08-12,1
3185,3185-order1,b2a_timing,TRUE,TRUE,TRUE,TRUE,p.2 (FURTHER ORDERED),"applications for such appointments shall be filed by June 23, 2026.","Express by description rather than by the Rule's label, and only partially: the order fixes the front end of the appointment timetable, the application deadline, but unlike MDLs 3166 and 3171 it says nothing about when the court will appoint. Twelve days from order to application deadline, and three days from that deadline to the conference.",ZL,2026-08-12,1
3185,3185-order1,b2a_structure,TRUE,TRUE,TRUE,FALSE,p.1 topic 1; p.2 (FURTHER ORDERED),"Plaintiffs’ counsel’s proposed leadership structure and related applications; … the appointment of the plaintiffs’ lead counsel, steering committee, or liaison counsel,","Three roles are named as possible appointments, but the structure is expressly the parties' to propose, so nothing is fixed.",ZL,2026-08-12,1
3185,3185-order1,b2a_selection_procedure,TRUE,TRUE,TRUE,TRUE,p.1 (in-person requirement); p.2 (FURTHER ORDERED),"Applications should be filed using the ECF event “Request (Not to be Used as a Motion)” found under Civil Events, Other Filings, Other Documents. … Counsel applying for leadership shall appear in person.","The thinnest prescribed selection procedure in the set that still counts as resolution: a condition, a deadline, a specified docket event, and an in-person appearance requirement, with no criteria, no page limits, and no objection window. Contrast MDLs 3166, 3171, and 3181, where the criteria and format are prescribed in detail.",ZL,2026-08-12,1
3185,3185-order1,b2a_periodic_review,FALSE,FALSE,FALSE,FALSE,,,"Not raised, and no incorporation clause sweeps it in.",ZL,2026-08-12,1
3185,3185-order1,b2a_responsibilities,FALSE,FALSE,FALSE,FALSE,,,"Not raised. The order names lead counsel, a steering committee, and liaison counsel but says nothing about what any of them would do.",ZL,2026-08-12,1
3185,3185-order1,b2a_communication,FALSE,FALSE,FALSE,FALSE,,,Not raised. Chambers staff circulating Zoom credentials is conference logistics.,ZL,2026-08-12,1
3185,3185-order1,b2a_nonleadership_limits,FALSE,FALSE,FALSE,FALSE,,,"Not raised. 'Other counsel may participate remotely by videoconference' concerns attendance, not limits on activity.",ZL,2026-08-12,1
3185,3185-order1,b2a_compensation,FALSE,FALSE,FALSE,FALSE,,,"Not raised, and no incorporation clause sweeps it in.",ZL,2026-08-12,1
3185,3185-order1,b2b_vacate_modify,TRUE,TRUE,TRUE,TRUE,p.1 topic 2; p.2 (FINALLY ORDERED),"Notable orders entered by any transferor court prior to consolidation; … All deadlines in all consolidated cases, including deadlines imposed by order of a transferor court, are STAYED pending further order of this Court.","RESOLUTION BY DISPLACEMENT, and the mirror image of the continuation provisions elsewhere in the set. MDLs 3162, 3166, and 3171 leave transferor-court orders in full force until modified; this order stays the deadlines those orders imposed. Both are operative determinations, in opposite directions. Entered on a defendants' consent motion (Doc. 4), which is the only granted motion in any coded order.",ZL,2026-08-12,1
3185,3185-order1,b2c_conference_schedule,TRUE,TRUE,TRUE,FALSE,p.1 topic 6,"The scheduling of a Rule 16 conference, if necessary, and subsequent regular status conferences; and","Express treatment of (b)(2)(C), but note the citation: this order refers to 'a Rule 16 conference,' not a Rule 16.1 conference, and contains no reference to Rule 16.1 anywhere. Entered June 11, 2026, more than six months after the Rule took effect. Nothing beyond the June 26 initial conference is scheduled.",ZL,2026-08-12,1
3185,3185-order1,b2d_direct_filing,FALSE,FALSE,FALSE,FALSE,,,"Not raised. The order contains no consolidation clause, no tag-along provision, and no mechanism for actions later filed in or transferred to this court.",ZL,2026-08-12,1
3185,3185-order1,b2e_related_actions,FALSE,FALSE,FALSE,FALSE,,,"Not raised. Topic 3 concerns motions pending in the consolidated cases, not actions elsewhere.",ZL,2026-08-12,1
3185,3185-order1,b3a_consolidated_pleadings,TRUE,TRUE,TRUE,FALSE,p.1 topic 5,"A proposed schedule for the filing of a consolidated complaint and subsequent case management deadlines, including whether and when mediation should occur;",'Consolidated complaint' rather than the Rule's 'consolidated pleadings.' The schedule is the parties' to propose.,ZL,2026-08-12,1
3185,3185-order1,b3b_factual_basis_exchange,FALSE,FALSE,FALSE,FALSE,,,"Not raised. No census, no plaintiff fact sheet, no initial disclosures reference.",ZL,2026-08-12,1
3185,3185-order1,b3c_discovery,FALSE,FALSE,FALSE,FALSE,,,"Not raised. The word 'discovery' does not appear in the order, which is notable for a June 2026 MDL. The blanket stay of 'all deadlines' would reach discovery deadlines functionally, but 'all deadlines' does not name or describe the subject, so express is FALSE and the resolution cannot be coded.",ZL,2026-08-12,1
3185,3185-order1,b3d_pretrial_motions,TRUE,TRUE,TRUE,TRUE,p.1 topics 3 and 4; p.2 (FINALLY ORDERED),"The nature and status of any pending motions filed prior to consolidation; … including any pending or anticipated motions to remand or dismiss, with proposed briefing schedules, … All deadlines in all consolidated cases, including deadlines imposed by order of a transferor court, are STAYED pending further order of this Court.","A stronger express treatment of (b)(3)(D) than the Rule's own text: the order names the two anticipated motion types and asks for proposed briefing schedules. Resolution under application rule R2, since the blanket stay fixes when any motion is due.",ZL,2026-08-12,1
3185,3185-order1,b3e_settlement_facilitation,TRUE,TRUE,TRUE,FALSE,p.1 topic 5,including whether and when mediation should occur;,"Named measure, mediation, embedded inside the scheduling topic. Nothing is fixed and no mediator or master is identified.",ZL,2026-08-12,1
3185,3185-order1,b3f_magistrate_master,FALSE,FALSE,FALSE,FALSE,,,"Not raised, and no incorporation clause sweeps it in.",ZL,2026-08-12,1
3185,3185-order1,b3g_principal_issues,TRUE,TRUE,TRUE,FALSE,p.1 (purpose paragraph); p.1 topic 4,"The initial conference is intended to identify preliminary issues and facilitate the development of a Case Management Order for the efficient advancement and resolution of this litigation. … Any threshold issues that, if resolved early, will significantly advance the litigation,","Sequencing vocabulary rather than the Rule's identification vocabulary: 'threshold issues that, if resolved early, will significantly advance the litigation,' which matches the 'priority' and 'threshold' framing in MDLs 3166 and 3171 rather than the Rule's 'principal factual and legal issues.'",ZL,2026-08-12,1
